,Global Type,projectNo,Project Title,Status,SPPM Lead,Program,,Credit Type ,2014 Actuals,2015 Actuals,,curr_2016_capital,curr_2016_expense,,curr_2017_capital,curr_2017_expense,Total,curr_2018_capital,curr_2018_expense,Total,curr_2019_capital,curr_2019_expense,Total,curr_2020_capital,curr_2020_expense,Total,curr_2021_capital,curr_2021_expense,Total,curr_2022_capital,curr_2022_expense,Total,Total ,,t0_2016_capital,t0_2016_expense,Total,t0_2017_capital,t0_2017_expense,Total,t0_2018_capital,t0_2018_expense,Total,t0_2019_capital,t0_2019_expense,Total,t0_2020_capital,t0_2020_expense,Total,t0_2021_capital,t0_2021_expense,Total,Total ,m05_2016_capital,m05_2016_expense,Total,m05_2017_capital,m05_2017_expense,Total,m05_2018_capital,m05_2018_expense,Total,m05_2019_capital,m05_2019_expense,Total,m05_2020_capital,m05_2020_expense,Total,m05_2021_capital,m05_2021_expense,Total,Total,t3_2015_capital,t3_2015_expense,Total,t3_2016_capital,t3_2016_expense,Total,t3_2017_capital,t3_2017_expense,Total,t3_2018_capital,t3_2018_expense,Total,t3_2019_capital,t3_2019_expense,Total,t3_2020_capital,t3_2020_expense,Total,t3_2021_capital,t3_2021_expense,Total,Total ,t0_2016_capital_2015,t0_2016_expense_2015,Total,t0_2017_capital_2015,t0_2017_expense_2015,Total,t0_2018_capital_2015,t0_2018_expense_2015,Total,t0_2019_capital_2015,t0_2019_expense_2015,Total,t0_2020_capital_2015,t0_2020_expense_2015,Total,t0_2021_capital_2015,t0_2021_expense_2015,Total,Total 
,FAE,6DM,GNE Oceanside Prod Ops ,,,,,Global Bucket ,"$3,580,630 ","$786,250 ",,"$2,280,657 ","$1,000 ","$2,281,657 ","$1,335,286 ","$1,000 ","$3,325,311 ","$1,468,815 ",$0 ,"$1,468,815 ","$1,615,696 ",$0 ,"$1,615,696 ","$1,777,266 ",$0 ,"$1,777,266 ","$1,954,992 ",$0 ,"$1,954,992 ","$2,150,491 ",$0 ,"$2,150,491 ","$18,941,108 ",,"$2,554,107 ","$24,450 ","$2,578,556 ","$477,848 ",$0 ,"$3,325,311 ",$0 ,$0 ,"$3,657,842 ",$0 ,$0 ,"$4,023,627 ",$0 ,$0 ,"$4,425,989 ","$1,385,000 ",,"$1,385,000 ","$19,134,416 ","$3,149,795 ","$28,850 ","$3,178,645 ","$927,505 ",$0 ,"$3,325,311 ",$0 ,$0 ,"$3,657,842 ",$0 ,$0 ,"$4,023,627 ",$0 ,$0 ,"$4,425,989 ","$1,385,000 ",,"$1,385,000 ","$24,363,294 ","$2,255,657 ",$0 ,"$2,255,657 ","$1,335,286 ",$0 ,"$3,325,311 ","$1,468,815 ",$0 ,"$1,468,815 ","$1,615,696 ",$0 ,"$1,615,696 ","$1,777,266 ",$0 ,"$1,777,266 ","$1,954,992 ",$0 ,"$1,954,992 ","$2,150,491 ",$0 ,"$2,150,491 ","$18,915,108 ",,,,,,,,,,,,,,,,,,,
,FAC,90024,NIMO Small Projects - Misc ,,,,,Global Bucket ,"$14,427,220 ","$9,765,687 ",,"$3,806,881 ","$71,487 ","$3,878,368 ","$3,120,607 ","$72,000 ","$1,790,552 ","$3,432,668 ","$34,327 ","$3,466,994 ","$3,775,934 ","$37,759 ","$3,813,694 ","$4,153,528 ","$41,535 ","$4,195,063 ","$4,568,881 ","$45,689 ","$4,614,570 ","$5,025,769 ","$50,258 ","$5,076,026 ","$51,028,175 ",,"$2,028,821 ","$22,286 ","$2,051,107 ",$0 ,$0 ,"$1,790,552 ",$0 ,$0 ,"$1,969,607 ",$0 ,$0 ,"$2,166,568 ",$0 ,$0 ,"$2,383,225 ","$5,979,000 ",,"$5,979,000 ","$13,866,135 ","$2,379,243 ","$22,791 ","$2,402,034 ","$3,432,000 ",$0 ,"$1,790,552 ","$3,432,000 ",$0 ,"$1,969,607 ","$3,300,000 ",$0 ,"$2,166,568 ","$3,784,000 ",$0 ,"$2,383,225 ","$5,979,000 ",,"$5,979,000 ","$40,883,894 ","$3,778,881 ","$66,487 ","$3,845,368 ","$3,120,607 ","$72,000 ","$1,790,552 ","$3,432,668 ","$34,327 ","$3,466,994 ","$3,775,934 ","$37,759 ","$3,813,694 ","$4,153,528 ","$41,535 ","$4,195,063 ","$4,568,881 ","$45,689 ","$4,614,570 ","$5,025,769 ","$50,258 ","$5,076,026 ","$50,995,175 ",,,,,,,,,,,,,,,,,,,
1,,,,,,,,,,,,,,,,,,,,,,,,,,,,,,,,,0,,,,,,,,,,,,,,,,,,,,,,,,,,,,,,,,,,,,,,,,,,,,,,,,,,,,,,,,,,,,,0,,,,,,,,,,,,,,,,,,,
0,FAC,64899,Engineering Library TOP Storage Unit,Execute,Zaymar Sedra,Fit for Purpose,Improvements and Efficiencies,Global,$0 ,"$66,881 ",,"$4,011 ",,"$4,011 ",,,$0 ,,,$0 ,,,$0 ,,,$0 ,,,$0 ,,,$0 ,"$70,892 ",,,,$0 ,,,$0 ,,,$0 ,,,$0 ,,,$0 ,,,$0 ,"$75,000 ","$4,011 ",,"$4,011 ",,,$0 ,,,$0 ,,,$0 ,,,$0 ,,,$0 ,"$70,892 ","$4,011 ",,"$4,011 ",,,$0 ,,,$0 ,,,$0 ,,,$0 ,,,$0 ,,,$0 ,"$70,892 ",,,,,,,,,,,,,,,,,,,
1,FAC,64901,MCS Peripheral Asset Replacement - 2015,Execute,Scott Fields,Reliability and Value,Stay in Business,Global,$0 ,"$223,217 ",,"$43,151 ",,"$43,151 ",,,$0 ,,,$0 ,,,$0 ,,,$0 ,,,$0 ,,,$0 ,"$266,368 ",,"$100,000 ",,"$100,000 ",,,$0 ,,,$0 ,,,$0 ,,,$0 ,,,$0 ,"$425,200 ","$99,984 ",,"$99,984 ",,,$0 ,,,$0 ,,,$0 ,,,$0 ,,,$0 ,"$323,201 ","$43,151 ",,"$43,151 ",,,$0 ,,,$0 ,,,$0 ,,,$0 ,,,$0 ,,,$0 ,"$266,368 ",,,,,,,,,,,,,,,,,,,
1,FAE,64914,QC M9 TOC Analyzers,Execute,Jim Neeleman,Launch and Commercial Excellence,New Technologies,Global,$0 ,"$87,070 ",,"$17,480 ",,"$17,480 ",,,$0 ,,,$0 ,,,$0 ,,,$0 ,,,$0 ,,,$0 ,"$104,550 ",,"$106,000 ",,"$106,000 ",,,$0 ,,,$0 ,,,$0 ,,,$0 ,,,$0 ,"$106,000 ","$18,930 ",,"$18,930 ",,,$0 ,,,$0 ,,,$0 ,,,$0 ,,,$0 ,"$106,000 ","$17,480 ",,"$17,480 ",,,$0 ,,,$0 ,,,$0 ,,,$0 ,,,$0 ,,,$0 ,"$104,550 ",,,,,,,,,,,,,,,,,,,
1,FAE,64923,QC Met-One Air Sampler Replacement 2015,Execute,Jim Neeleman,Launch and Commercial Excellence,Stay in Business,Global,$0 ,"$44,115 ",,"$15,885 ",,"$15,885 ",,,$0 ,,,$0 ,,,$0 ,,,$0 ,,,$0 ,,,$0 ,"$60,000 ",,"$60,000 ",,"$60,000 ",,,$0 ,,,$0 ,,,$0 ,,,$0 ,,,$0 ,"$60,000 ","$15,885 ",,"$15,885 ",,,$0 ,,,$0 ,,,$0 ,,,$0 ,,,$0 ,"$60,000 ","$15,885 ",,"$15,885 ",,,$0 ,,,$0 ,,,$0 ,,,$0 ,,,$0 ,,,$0 ,"$60,000 ",,,,,,,,,,,,,,,,,,,
0,FAE,64925,QC UV Vis Spectometer Replacement 2015,Execute,Zaymar Sedra,Fit for Purpose,Stay in Business,Global,$0 ,,,"$21,531 ",,"$21,531 ",,,$0 ,,,$0 ,,,$0 ,,,$0 ,,,$0 ,,,$0 ,"$21,531 ",,,,$0 ,,,$0 ,,,$0 ,,,$0 ,,,$0 ,,,$0 ,"$28,350 ","$21,531 ",,"$21,531 ",,,$0 ,,,$0 ,,,$0 ,,,$0 ,,,$0 ,"$21,531 ","$21,531 ",,"$21,531 ",,,$0 ,,,$0 ,,,$0 ,,,$0 ,,,$0 ,,,$0 ,"$21,531 ",,,,,,,,,,,,,,,,,,,
1,FAE,64927,QC Gel Imager Replacement 2015,Execute,Jim Neeleman,Launch and Commercial Excellence,Stay in Business,Global,$0 ,"$12,340 ",,$987 ,,$987 ,,,$0 ,,,$0 ,,,$0 ,,,$0 ,,,$0 ,,,$0 ,"$13,327 ",,"$15,000 ",,"$15,000 ",,,$0 ,,,$0 ,,,$0 ,,,$0 ,,,$0 ,"$15,000 ","$2,660 ",,"$2,660 ",,,$0 ,,,$0 ,,,$0 ,,,$0 ,,,$0 ,"$15,000 ",$987 ,,$987 ,,,$0 ,,,$0 ,,,$0 ,,,$0 ,,,$0 ,,,$0 ,"$13,327 ",,,,,,,,,,,,,,,,,,,
1,,73356,Supplemental BDU Sampling,Execute 2,Jim Neeleman,Launch and Commercial Excellence,Stay in Business,Individual,"$258,306 ","$1,420,589 ",,"$157,774 ",,"$157,774 ",,,$0 ,,,$0 ,,,$0 ,,,$0 ,,,$0 ,,,$0 ,"$1,836,669 ",,"$200,000 ",,"$200,000 ",,,$0 ,,,$0 ,,,$0 ,,,$0 ,,,$0 ,"$1,674,665 ","$157,774 ",,"$157,774 ",,,$0 ,,,$0 ,,,$0 ,,,$0 ,,,$0 ,"$1,836,669 ","$157,774 ",,"$157,774 ",,,$0 ,,,$0 ,,,$0 ,,,$0 ,,,$0 ,,,$0 ,"$1,836,669 ",,,,,,,,,,,,,,,,,,,
1,,73367,FS & DS Automation Integration,Execute 2,Zaymar Sedra,Fit for Purpose,Tech Transfers,Individual,"$246,193 ","$476,778 ",,"$26,719 ",,"$26,719 ",,,$0 ,,,$0 ,,,$0 ,,,$0 ,,,$0 ,,,$0 ,"$749,690 ",,"$10,000 ",,"$10,000 ",,,$0 ,,,$0 ,,,$0 ,,,$0 ,,,$0 ,"$733,193 ","$26,719 ",,"$26,719 ",,,$0 ,,,$0 ,,,$0 ,,,$0 ,,,$0 ,"$749,690 ","$26,719 ",,"$26,719 ",,,$0 ,,,$0 ,,,$0 ,,,$0 ,,,$0 ,,,$0 ,"$749,690 ",,,,,,,,,,,,,,,,,,,
1,FAC,73384,Caustic Bath Upgrade,Execute,Melanie Yevilov,Highly Capable Workforce,Stay in Business,Global,$0 ,"$1,421 ",,$459 ,,$459 ,,,$0 ,,,$0 ,,,$0 ,,,$0 ,,,$0 ,,,$0 ,"$1,880 ",,"$9,000 ",,"$9,000 ",,,$0 ,,,$0 ,,,$0 ,,,$0 ,,,$0 ,"$51,106 ","$11,541 ",$459 ,"$12,000 ",,,$0 ,,,$0 ,,,$0 ,,,$0 ,,,$0 ,"$13,421 ",$459 ,,$459 ,,,$0 ,,,$0 ,,,$0 ,,,$0 ,,,$0 ,,,$0 ,"$1,880 ",,,,,,,,,,,,,,,,,,,
1,FAC,73387,MCSBACKUP Phase 2 Tape Retrieval,Execute,Scott Fields,Reliability and Value,New Technologies,Global,"$3,918 ","$41,874 ",,,,$0 ,,,$0 ,,,$0 ,,,$0 ,,,$0 ,,,$0 ,,,$0 ,"$45,791 ",,"$5,000 ",,"$5,000 ",,,$0 ,,,$0 ,,,$0 ,,,$0 ,,,$0 ,"$52,000 ","$5,000 ",,"$5,000 ",,,$0 ,,,$0 ,,,$0 ,,,$0 ,,,$0 ,"$50,791 ",,,$0 ,,,$0 ,,,$0 ,,,$0 ,,,$0 ,,,$0 ,,,$0 ,"$45,791 ",,,,,,,,,,,,,,,,,,,
1,FAC,73388,SIMCA Online Real Time Process Monitoring System,Execute,Jim Neeleman,Launch and Commercial Excellence,New Technologies,Global,$0 ,"$262,943 ",,,,$0 ,,,$0 ,,,$0 ,,,$0 ,,,$0 ,,,$0 ,,,$0 ,"$262,943 ",,"$58,000 ",,"$58,000 ",,,$0 ,,,$0 ,,,$0 ,,,$0 ,,,$0 ,"$344,000 ",,,$0 ,,,$0 ,,,$0 ,,,$0 ,,,$0 ,,,$0 ,"$262,943 ",,,$0 ,,,$0 ,,,$0 ,,,$0 ,,,$0 ,,,$0 ,,,$0 ,"$262,943 ",,,,,,,,,,,,,,,,,,,
1,FAC,73398,MCS Manufacturing Area Wireless Access Point Asset Replacement - 2015,Execute,Scott Fields,Reliability and Value,Stay in Business,Global,$0 ,"$13,347 ",,"$215,828 ",,"$215,828 ",,,$0 ,,,$0 ,,,$0 ,,,$0 ,,,$0 ,,,$0 ,"$229,175 ",,"$95,000 ",,"$95,000 ",,,$0 ,,,$0 ,,,$0 ,,,$0 ,,,$0 ,"$211,000 ","$204,700 ",,"$204,700 ",,,$0 ,,,$0 ,,,$0 ,,,$0 ,,,$0 ,"$218,047 ","$215,828 ",,"$215,828 ",,,$0 ,,,$0 ,,,$0 ,,,$0 ,,,$0 ,,,$0 ,"$229,175 ",,,,,,,,,,,,,,,,,,,
1,FAC,73399,Frit Handling and Storage,Execute,Melanie Yevilov,Highly Capable Workforce,SHE and K-Directives,Global,$0 ,"$18,994 ",,"$135,006 ",,"$135,006 ",,,$0 ,,,$0 ,,,$0 ,,,$0 ,,,$0 ,,,$0 ,"$154,000 ",,"$108,000 ","$15,000 ","$123,000 ",,,$0 ,,,$0 ,,,$0 ,,,$0 ,,,$0 ,"$138,000 ","$191,950 ","$15,000 ","$206,950 ",,,$0 ,,,$0 ,,,$0 ,,,$0 ,,,$0 ,"$225,944 ","$135,006 ",,"$135,006 ",,,$0 ,,,$0 ,,,$0 ,,,$0 ,,,$0 ,,,$0 ,"$154,000 ",,,,,,,,,,,,,,,,,,,
0,FAC,73406,Guided Wave Radar V-4045 & V-4055,Execute,Scott Fields,Reliability and Value,New Technologies,Global,$0 ,"$32,021 ",,"$17,477 ",,"$17,477 ",,,$0 ,,,$0 ,,,$0 ,,,$0 ,,,$0 ,,,$0 ,"$49,498 ",,,,$0 ,,,$0 ,,,$0 ,,,$0 ,,,$0 ,,,$0 ,"$60,000 ","$17,477 ",,"$17,477 ",,,$0 ,,,$0 ,,,$0 ,,,$0 ,,,$0 ,"$49,498 ","$17,477 ",,"$17,477 ",,,$0 ,,,$0 ,,,$0 ,,,$0 ,,,$0 ,,,$0 ,"$49,498 ",,,,,,,,,,,,,,,,,,,
1,FAC,73409,Solar Power Enabling Project,Execute,Melanie Yevilov,Highly Capable Workforce,SHE and K-Directives,Global,$0 ,"$132,223 ",,"$307,216 ",,"$307,216 ",,,$0 ,,,$0 ,,,$0 ,,,$0 ,,,$0 ,,,$0 ,"$439,439 ",,"$271,000 ",,"$271,000 ",,,$0 ,,,$0 ,,,$0 ,,,$0 ,,,$0 ,"$455,000 ","$305,902 ",,"$305,902 ",,,$0 ,,,$0 ,,,$0 ,,,$0 ,,,$0 ,"$438,125 ","$307,216 ",,"$307,216 ",,,$0 ,,,$0 ,,,$0 ,,,$0 ,,,$0 ,,,$0 ,"$439,439 ",,,,,,,,,,,,,,,,,,,
1,,74119,Harvest Upgrade (New Centrifuge),Execute,Zaymar Sedra,Fit for Purpose,Strategic,Individual,$0 ,"$3,555,499 ",,"$4,614,221 ","$21,631 ","$4,635,852 ","$7,236,886 ","$51,254 ","$7,288,140 ",,,$0 ,,,$0 ,,,$0 ,,,$0 ,,,$0 ,"$15,479,491 ",,"$7,233,192 ","$28,727 ","$7,261,919 ","$1,057,804 ","$56,618 ","$1,114,422 ",,,$0 ,,,$0 ,,,$0 ,,,$0 ,"$12,909,963 ","$7,001,377 ","$37,498 ","$7,038,875 ","$4,833,864 ","$51,254 ","$4,885,118 ",,,$0 ,,,$0 ,,,$0 ,,,$0 ,"$15,479,491 ","$4,614,221 ","$21,631 ","$4,635,852 ","$7,236,886 ","$51,254 ","$7,288,140 ",,,$0 ,,,$0 ,,,$0 ,,,$0 ,,,$0 ,"$15,479,491 ",,,,,,,,,,,,,,,,,,,
1,,74127,Harvest Modifications Start-up,Budgeted,Jim Neeleman,Launch and Commercial Excellence,Strategic,Start-up,$0 ,$0 ,,"$125,000 ",,"$125,000 ","$2,275,000 ",,"$2,275,000 ",,,$0 ,,,$0 ,,,$0 ,,,$0 ,,,$0 ,"$2,400,000 ",,"$125,000 ",,"$125,000 ","$2,275,000 ",,"$2,275,000 ",,,$0 ,,,$0 ,,,$0 ,,,$0 ,"$2,400,000 ","$125,000 ",,"$125,000 ","$2,275,000 ",,"$2,275,000 ",,,$0 ,,,$0 ,,,$0 ,,,$0 ,"$2,400,000 ","$125,000 ",,"$125,000 ","$2,275,000 ",,"$2,275,000 ",,,$0 ,,,$0 ,,,$0 ,,,$0 ,,,$0 ,"$2,400,000 ",,,,,,,,,,,,,,,,,,,
1,,74268,P2 Downstream Processing Expansion,Execute 2,Zaymar Sedra,Fit for Purpose,Strategic,Individual,"$6,699,119 ","$58,484,942 ",,"$91,862,606 ","$1,766,871 ","$93,629,477 ","$33,364,075 ","$916,060 ","$34,280,135 ",,,$0 ,,,$0 ,,,$0 ,,,$0 ,,,$0 ,"$193,093,673 ",,"$104,650,502 ","$825,644 ","$105,476,146 ","$29,469,907 ","$2,950,438 ","$32,420,345 ",,,$0 ,,,$0 ,,,$0 ,,,$0 ,"$187,356,818 ","$92,403,605 ","$1,248,192 ","$93,651,797 ","$33,364,075 ","$916,060 ","$34,280,135 ",,,$0 ,,,$0 ,,,$0 ,,,$0 ,"$193,115,993 ","$91,862,606 ","$1,766,871 ","$93,629,477 ","$33,364,075 ","$916,060 ","$34,280,135 ",,,$0 ,,,$0 ,,,$0 ,,,$0 ,,,$0 ,"$193,093,673 ",,,,,,,,,,,,,,,,,,,
1,,74277,P2 DPE Start-Up,Execute,Zaymar Sedra,Fit for Purpose,Strategic,Start-up,$0 ,$0 ,,"$4,389,208 ",,"$4,389,208 ","$42,330,213 ",,"$42,330,213 ","$4,529,073 ",,"$4,529,073 ",,,$0 ,,,$0 ,,,$0 ,,,$0 ,"$51,248,494 ",,"$8,000,000 ",,"$8,000,000 ","$44,445,136 ",,"$44,445,136 ",,,$0 ,,,$0 ,,,$0 ,,,$0 ,"$52,445,136 ","$4,461,207 ",,"$4,461,207 ","$40,280,925 ",,"$40,280,925 ","$6,754,868 ",,"$6,754,868 ",,,$0 ,,,$0 ,,,$0 ,"$51,497,000 ","$4,389,208 ",,"$4,389,208 ","$42,330,213 ",,"$42,330,213 ","$4,529,073 ",,"$4,529,073 ",,,$0 ,,,$0 ,,,$0 ,,,$0 ,"$51,248,494 ",,,,,,,,,,,,,,,,,,,
0,,74278,K6 Program - Project 3 - Replace Cold Room Compressors,FXNL LT Appr,Zaymar Sedra,Fit for Purpose,SHE and K-Directives,Individual,$0 ,$0 ,,,,$0 ,"$6,759,000 ",,"$6,759,000 ","$4,000,000 ",,"$4,000,000 ",,,$0 ,,,$0 ,,,$0 ,,,$0 ,"$10,759,000 ",,,,$0 ,"$528,000 ","$75,000 ","$603,000 ","$4,828,000 ",,"$4,828,000 ","$4,828,000 ",,"$4,828,000 ","$500,000 ",,"$500,000 ",,,$0 ,"$10,759,000 ",,,$0 ,"$528,000 ","$75,000 ","$603,000 ","$4,828,000 ",,"$4,828,000 ","$4,828,000 ",,"$4,828,000 ","$500,000 ",,"$500,000 ",,,$0 ,"$10,759,000 ",,,$0 ,"$6,759,000 ",,"$6,759,000 ","$4,000,000 ",,"$4,000,000 ",,,$0 ,,,$0 ,,,$0 ,,,$0 ,"$10,759,000 ",,,,,,,,,,,,,,,,,,,
1,,74279,New Media Technology - HTST / Adventitious,Execute 2,Scott Fields,Reliability and Value,New Technologies,Individual,"$523,433 ","$1,984,354 ",,"$4,859,034 ","$88,096 ","$4,947,130 ","$1,553,492 ","$37,670 ","$1,591,162 ",,,$0 ,,,$0 ,,,$0 ,,,$0 ,,,$0 ,"$9,046,079 ",,"$5,444,000 ",,"$5,444,000 ","$1,588,000 ",,"$1,588,000 ",,,$0 ,,,$0 ,,,$0 ,,,$0 ,"$9,106,000 ","$4,810,886 ","$1,768 ","$4,812,654 ","$1,602,703 ",,"$1,602,703 ",,,$0 ,,,$0 ,,,$0 ,,,$0 ,"$8,923,144 ","$4,859,034 ","$88,096 ","$4,947,130 ","$1,553,492 ","$37,670 ","$1,591,162 ",,,$0 ,,,$0 ,,,$0 ,,,$0 ,,,$0 ,"$9,046,079 ",,,,,,,,,,,,,,,,,,,
1,,74302,Waterpooling Remediation,Execute 2,Scott Fields,Reliability and Value,Stay in Business,Individual,"$1,194,816 ","$470,099 ",,"$369,588 ",,"$369,588 ","$50,426 ",,"$50,426 ",,,$0 ,,,$0 ,,,$0 ,,,$0 ,,,$0 ,"$2,084,929 ",,"$435,000 ",,"$435,000 ",,,$0 ,,,$0 ,,,$0 ,,,$0 ,,,$0 ,"$945,000 ","$369,680 ",,"$369,680 ","$51,636 ",,"$51,636 ",,,$0 ,,,$0 ,,,$0 ,,,$0 ,"$2,086,231 ","$369,588 ",,"$369,588 ","$50,426 ",,"$50,426 ",,,$0 ,,,$0 ,,,$0 ,,,$0 ,,,$0 ,"$2,084,929 ",,,,,,,,,,,,,,,,,,,
1,,74368,Dev/Val Automation Capacity Expansion,Execute,Jim Neeleman,Launch and Commercial Excellence,Improvements and Efficiencies,Individual,"$489,325 ","$56,153 ",,"$10,000 ",,"$10,000 ",,,$0 ,,,$0 ,,,$0 ,,,$0 ,,,$0 ,,,$0 ,"$555,477 ",,"$10,000 ",,"$10,000 ",,,$0 ,,,$0 ,,,$0 ,,,$0 ,,,$0 ,"$66,000 ","$10,000 ",,"$10,000 ",,,$0 ,,,$0 ,,,$0 ,,,$0 ,,,$0 ,"$555,477 ","$10,000 ",,"$10,000 ",,,$0 ,,,$0 ,,,$0 ,,,$0 ,,,$0 ,,,$0 ,"$555,477 ",,,,,,,,,,,,,,,,,,,
1,,74371,Odor Treatment,FXNL LT Appr,Melanie Yevilov,Highly Capable Workforce,SHE and K-Directives,Individual,$0 ,$0 ,,,,$0 ,,,$0 ,"$750,000 ",,"$750,000 ","$4,250,000 ","$500,000 ","$4,750,000 ",,,$0 ,,,$0 ,,,$0 ,"$5,500,000 ",,,,$0 ,"$1,000,000 ",,"$1,000,000 ","$4,000,000 ","$500,000 ","$4,500,000 ",,,$0 ,,,$0 ,,,$0 ,"$5,600,000 ",,,$0 ,"$750,000 ",,"$750,000 ","$4,250,000 ","$500,000 ","$4,750,000 ",,,$0 ,,,$0 ,,,$0 ,"$5,500,000 ",,,$0 ,,,$0 ,"$750,000 ",,"$750,000 ","$4,250,000 ","$500,000 ","$4,750,000 ",,,$0 ,,,$0 ,,,$0 ,"$5,500,000 ",,,,,,,,,,,,,,,,,,,
1,,74373,WFI Generation and Storage System / CUB Expansion,Execute 2,Zaymar Sedra,Fit for Purpose,Strategic,Individual,"$1,738,974 ","$6,525,760 ",,"$5,512,468 ","$23,739 ","$5,536,207 ",,,$0 ,,,$0 ,,,$0 ,,,$0 ,,,$0 ,,,$0 ,"$13,800,941 ",,"$5,342,000 ","$12,500 ","$5,354,500 ",,,$0 ,,,$0 ,,,$0 ,,,$0 ,,,$0 ,"$11,609,722 ","$5,523,133 ","$13,075 ","$5,536,208 ",,,$0 ,,,$0 ,,,$0 ,,,$0 ,,,$0 ,"$13,800,942 ","$5,512,468 ","$23,739 ","$5,536,207 ",,,$0 ,,,$0 ,,,$0 ,,,$0 ,,,$0 ,,,$0 ,"$13,800,941 ",,,,,,,,,,,,,,,,,,,
1,,74382,Sci&Eng Lab Mods and Equipment,Execute 2,Jim Neeleman,Launch and Commercial Excellence,Strategic,Individual,$0 ,"$6,008,632 ",,"$7,414,885 ","$195,338 ","$7,610,223 ","$390,885 ",,"$390,885 ",,,$0 ,,,$0 ,,,$0 ,,,$0 ,,,$0 ,"$14,009,740 ",,"$7,008,000 ","$393,000 ","$7,401,000 ",,,$0 ,,,$0 ,,,$0 ,,,$0 ,,,$0 ,"$12,673,000 ","$6,232,184 ","$458,027 ","$6,690,211 ","$488,779 ",,"$488,779 ",,,$0 ,,,$0 ,,,$0 ,,,$0 ,"$13,187,622 ","$7,414,885 ","$195,338 ","$7,610,223 ","$390,885 ",,"$390,885 ",,,$0 ,,,$0 ,,,$0 ,,,$0 ,,,$0 ,"$14,009,740 ",,,,,,,,,,,,,,,,,,,
0,,74385,Media Prep Endotoxin/Bioburden Sampling,Hold,Scott Fields,Reliability and Value,Stay in Business,Individual,$0 ,$0 ,,,,$0 ,,,$0 ,,,$0 ,,,$0 ,,,$0 ,,,$0 ,,,$0 ,$0 ,,"$500,000 ",,"$500,000 ","$2,500,000 ",,"$2,500,000 ",,,$0 ,,,$0 ,,,$0 ,,,$0 ,"$3,000,000 ","$250,000 ",,"$250,000 ","$2,750,000 ",,"$2,750,000 ",,,$0 ,,,$0 ,,,$0 ,,,$0 ,"$3,000,000 ",,,$0 ,,,$0 ,,,$0 ,,,$0 ,,,$0 ,,,$0 ,,,$0 ,$0 ,,,,,,,,,,,,,,,,,,,
1,,74392,Water Reclaim System,Execute,Scott Fields,Reliability and Value,SHE and K-Directives,Individual,$0 ,"$179,085 ",,"$143,846 ",,"$143,846 ",,,$0 ,,,$0 ,,,$0 ,,,$0 ,,,$0 ,,,$0 ,"$322,931 ",,"$676,000 ",,"$676,000 ","$800,000 ",,"$800,000 ",,,$0 ,,,$0 ,,,$0 ,,,$0 ,"$1,656,000 ","$162,102 ",,"$162,102 ",,,$0 ,,,$0 ,,,$0 ,,,$0 ,,,$0 ,"$341,187 ","$143,846 ",,"$143,846 ",,,$0 ,,,$0 ,,,$0 ,,,$0 ,,,$0 ,,,$0 ,"$322,931 ",,,,,,,,,,,,,,,,,,,
1,,74404,Mezzanine Lift Media Prep: Phase 1B,Execute,Melanie Yevilov,Highly Capable Workforce,SHE and K-Directives,Individual,"$17,731 ","$265,047 ",,"$270,440 ",($431),"$270,009 ",,,$0 ,,,$0 ,,,$0 ,,,$0 ,,,$0 ,,,$0 ,"$552,787 ",,"$330,000 ",,"$330,000 ",,,$0 ,,,$0 ,,,$0 ,,,$0 ,,,$0 ,"$592,000 ","$201,044 ",($431),"$200,613 ",,,$0 ,,,$0 ,,,$0 ,,,$0 ,,,$0 ,"$483,391 ","$270,440 ",($431),"$270,009 ",,,$0 ,,,$0 ,,,$0 ,,,$0 ,,,$0 ,,,$0 ,"$552,787 ",,,,,,,,,,,,,,,,,,,
1,,74406,Corrosive Chemical Compliance,Execute,Scott Fields,Reliability and Value,SHE and K-Directives,Individual,$0 ,"$103,025 ",,"$1,724,239 ",,"$1,724,239 ","$83,733 ",,"$83,733 ",,,$0 ,,,$0 ,,,$0 ,,,$0 ,,,$0 ,"$1,910,997 ",,"$1,812,000 ",,"$1,812,000 ",,,$0 ,,,$0 ,,,$0 ,,,$0 ,,,$0 ,"$1,910,000 ","$1,596,303 ",,"$1,596,303 ","$83,733 ",,"$83,733 ",,,$0 ,,,$0 ,,,$0 ,,,$0 ,"$1,783,061 ","$1,724,239 ",,"$1,724,239 ","$83,733 ",,"$83,733 ",,,$0 ,,,$0 ,,,$0 ,,,$0 ,,,$0 ,"$1,910,997 ",,,,,,,,,,,,,,,,,,,
1,,74409,K6 Program - Project 1 - Replace DX HVAC Units,Execute,Zaymar Sedra,Fit for Purpose,SHE and K-Directives,Individual,$0 ,$0 ,,,,$0 ,"$2,170,193 ",,"$2,170,193 ",,,$0 ,,,$0 ,,,$0 ,,,$0 ,,,$0 ,"$2,170,193 ",,"$1,902,000 ","$22,000 ","$1,924,000 ",,,$0 ,,,$0 ,,,$0 ,,,$0 ,,,$0 ,"$2,014,000 ",,,$0 ,"$310,000 ","$22,000 ","$332,000 ","$1,592,000 ",,"$1,592,000 ",,,$0 ,,,$0 ,,,$0 ,"$1,924,000 ",,,$0 ,"$2,170,193 ",,"$2,170,193 ",,,$0 ,,,$0 ,,,$0 ,,,$0 ,,,$0 ,"$2,170,193 ",,,,,,,,,,,,,,,,,,,
1,,74416,Asphyxiant Gas Remediation,Execute 1,Melanie Yevilov,Highly Capable Workforce,SHE and K-Directives,Individual,$0 ,"$36,659 ",,"$126,295 ",,"$126,295 ",,,$0 ,,,$0 ,,,$0 ,,,$0 ,,,$0 ,,,$0 ,"$162,954 ",,"$99,000 ",,"$99,000 ",,,$0 ,,,$0 ,,,$0 ,,,$0 ,,,$0 ,"$132,392 ","$142,115 ",,"$142,115 ","$400,000 ",,"$400,000 ",,,$0 ,,,$0 ,,,$0 ,,,$0 ,"$578,774 ","$126,295 ",,"$126,295 ",,,$0 ,,,$0 ,,,$0 ,,,$0 ,,,$0 ,,,$0 ,"$162,954 ",,,,,,,,,,,,,,,,,,,
1,,74418,QC Lab Reconfiguration & Equipment,Execute 1,Jim Neeleman,Launch and Commercial Excellence,Tech Transfers,Individual,$0 ,"$224,746 ",,"$3,160,674 ","$114,000 ","$3,274,674 ","$289,726 ",,"$289,726 ",,,$0 ,,,$0 ,,,$0 ,,,$0 ,,,$0 ,"$3,789,146 ",,"$3,675,000 ",,"$3,675,000 ",,,$0 ,,,$0 ,,,$0 ,,,$0 ,,,$0 ,"$3,888,000 ","$1,918,122 ","$113,000 ","$2,031,122 ","$1,568,006 ",,"$1,568,006 ",,,$0 ,,,$0 ,,,$0 ,,,$0 ,"$3,823,874 ","$3,160,674 ","$114,000 ","$3,274,674 ","$289,726 ",,"$289,726 ",,,$0 ,,,$0 ,,,$0 ,,,$0 ,,,$0 ,"$3,789,146 ",,,,,,,,,,,,,,,,,,,
1,,74426,Process VSD and SOV Replacement - 2015,Execute,Scott Fields,Reliability and Value,Stay in Business,Individual,$0 ,"$194,621 ",,"$589,735 ",,"$589,735 ",,,$0 ,,,$0 ,,,$0 ,,,$0 ,,,$0 ,,,$0 ,"$784,356 ",,"$489,000 ",,"$489,000 ",,,$0 ,,,$0 ,,,$0 ,,,$0 ,,,$0 ,"$692,000 ","$495,036 ",,"$495,036 ",,,$0 ,,,$0 ,,,$0 ,,,$0 ,,,$0 ,"$689,657 ","$589,735 ",,"$589,735 ",,,$0 ,,,$0 ,,,$0 ,,,$0 ,,,$0 ,,,$0 ,"$784,356 ",,,,,,,,,,,,,,,,,,,
1,,74427,MCS Network Infrastructure Asset Replacement - 2016,Execute,Scott Fields,Reliability and Value,Stay in Business,Individual,$0 ,$0 ,,"$1,466,000 ",,"$1,466,000 ",,,$0 ,,,$0 ,,,$0 ,,,$0 ,,,$0 ,,,$0 ,"$1,466,000 ",,"$1,944,000 ",,"$1,944,000 ",,,$0 ,,,$0 ,,,$0 ,,,$0 ,,,$0 ,"$1,951,000 ","$1,944,000 ",,"$1,944,000 ",,,$0 ,,,$0 ,,,$0 ,,,$0 ,"$2,340,000 ",,"$2,340,000 ","$4,284,000 ","$1,466,000 ",,"$1,466,000 ",,,$0 ,,,$0 ,,,$0 ,,,$0 ,,,$0 ,,,$0 ,"$1,466,000 ",,,,,,,,,,,,,,,,,,,
0,,74428,PCS Process Support Equipment Automation (PLC) Asset Replacement,FXNL LT Appr,Jim Neeleman,Launch and Commercial Excellence,Stay in Business,Individual,$0 ,$0 ,,,,$0 ,,"$200,000 ","$200,000 ","$900,000 ",,"$900,000 ","$900,000 ",,"$900,000 ","$935,000 ",,"$935,000 ",,,$0 ,,,$0 ,"$2,935,000 ",,,,$0 ,"$950,000 ","$8,000 ","$958,000 ","$950,000 ","$8,000 ","$958,000 ","$935,000 ",,"$935,000 ",,,$0 ,,,$0 ,"$2,851,000 ",,,$0 ,,"$200,000 ","$200,000 ","$900,000 ",,"$900,000 ","$900,000 ",,"$900,000 ","$935,000 ",,"$935,000 ",,,$0 ,"$2,935,000 ",,,$0 ,,"$200,000 ","$200,000 ","$900,000 ",,"$900,000 ","$900,000 ",,"$900,000 ","$935,000 ",,"$935,000 ",,,$0 ,,,$0 ,"$2,935,000 ",,,,,,,,,,,,,,,,,,,
1,,74429,Mettler Toledo Weight Transmitter Conversion to Hardy Weight Transmitter - Asset Replacement,Execute,Scott Fields,Reliability and Value,Stay in Business,Individual,$0 ,"$242,656 ",,"$204,573 ",,"$204,573 ","$23,445 ",,"$23,445 ",,,$0 ,,,$0 ,,,$0 ,,,$0 ,,,$0 ,"$470,674 ",,"$350,000 ",,"$350,000 ",,,$0 ,,,$0 ,,,$0 ,,,$0 ,,,$0 ,"$661,000 ","$198,196 ",,"$198,196 ","$22,991 ",,"$22,991 ",,,$0 ,,,$0 ,,,$0 ,,,$0 ,"$463,843 ","$204,573 ",,"$204,573 ","$23,445 ",,"$23,445 ",,,$0 ,,,$0 ,,,$0 ,,,$0 ,,,$0 ,"$470,674 ",,,,,,,,,,,,,,,,,,,
1,FAC,74431,Buffer Prep Mezzanine Lift Construction,CA Routing,Scott Fields,Reliability and Value,SHE and K-Directives,Global,$0 ,$0 ,,"$442,000 ",,"$442,000 ",,,$0 ,,,$0 ,,,$0 ,,,$0 ,,,$0 ,,,$0 ,"$442,000 ",,"$442,000 ",,"$442,000 ",,,$0 ,,,$0 ,,,$0 ,,,$0 ,,,$0 ,"$442,000 ","$442,000 ",,"$442,000 ",,,$0 ,,,$0 ,,,$0 ,,,$0 ,,,$0 ,"$442,000 ","$442,000 ",,"$442,000 ",,,$0 ,,,$0 ,,,$0 ,,,$0 ,,,$0 ,,,$0 ,"$442,000 ",,,,,,,,,,,,,,,,,,,
1,,74432,K6 Program - Project 4 - Replace Chillers,FXNL LT Appr,Zaymar Sedra,Fit for Purpose,SHE and K-Directives,Individual,$0 ,$0 ,,,,$0 ,,,$0 ,"$2,650,000 ","$350,000 ","$3,000,000 ","$6,650,000 ",,"$6,650,000 ","$6,000,000 ",,"$6,000,000 ","$3,650,000 ",,"$3,650,000 ",,,$0 ,"$19,300,000 ",,,,$0 ,"$2,650,000 ","$350,000 ","$3,000,000 ","$6,650,000 ",,"$6,650,000 ","$6,000,000 ",,"$6,000,000 ","$3,650,000 ",,"$3,650,000 ",,,$0 ,"$19,300,000 ",,,$0 ,"$2,650,000 ","$350,000 ","$3,000,000 ","$6,650,000 ",,"$6,650,000 ","$6,000,000 ",,"$6,000,000 ","$3,650,000 ",,"$3,650,000 ",,,$0 ,"$19,300,000 ",,,$0 ,,,$0 ,"$2,650,000 ","$350,000 ","$3,000,000 ","$6,650,000 ",,"$6,650,000 ","$6,000,000 ",,"$6,000,000 ","$3,650,000 ",,"$3,650,000 ",,,$0 ,"$19,300,000 ",,,,,,,,,,,,,,,,,,,
1,,74435,Hastelloy Chromatography Column (160cm),CA Routing,Zaymar Sedra,Fit for Purpose,Improvements and Efficiencies,Individual,$0 ,$0 ,,"$594,000 ",,"$594,000 ","$1,064,000 ","$115,000 ","$1,179,000 ",,,$0 ,,,$0 ,,,$0 ,,,$0 ,,,$0 ,"$1,773,000 ",,"$1,549,000 ",,"$1,549,000 ",,,$0 ,,,$0 ,,,$0 ,,,$0 ,,,$0 ,"$1,549,000 ",,,$0 ,"$1,549,000 ",,"$1,549,000 ",,,$0 ,,,$0 ,,,$0 ,,,$0 ,"$1,549,000 ","$400,000 ",,"$400,000 ","$1,200,000 ",,"$1,200,000 ",,,$0 ,,,$0 ,,,$0 ,,,$0 ,,,$0 ,"$1,600,000 ",,,,,,,,,,,,,,,,,,,
1,,74453,NPI Pool Tanks,Execute,Zaymar Sedra,Fit for Purpose,Strategic,Individual,$0 ,"$581,240 ",,"$601,771 ","$2,484 ","$604,255 ","$37,505 ",,"$37,505 ",,,$0 ,,,$0 ,,,$0 ,,,$0 ,,,$0 ,"$1,223,000 ",,"$452,919 ","$10,802 ","$463,721 ",,,$0 ,,,$0 ,,,$0 ,,,$0 ,,,$0 ,"$1,009,121 ","$684,545 ","$2,883 ","$687,428 ","$3,878 ",$0 ,"$3,878 ",,,$0 ,,,$0 ,,,$0 ,,,$0 ,"$1,272,546 ","$601,771 ","$2,484 ","$604,255 ","$37,505 ",,"$37,505 ",,,$0 ,,,$0 ,,,$0 ,,,$0 ,,,$0 ,"$1,223,000 ",,,,,,,,,,,,,,,,,,,
1,,74454,Seed Lab (20L Bioreactor),Execute,Zaymar Sedra,Fit for Purpose,Strategic,Individual,$0 ,"$1,387,337 ",,"$912,870 ","$97,323 ","$1,010,193 ","$438,751 ","$2,075 ","$440,826 ",,,$0 ,,,$0 ,,,$0 ,,,$0 ,,,$0 ,"$2,838,356 ",,"$938,961 ","$10,802 ","$949,763 ","$177,848 ","$9,518 ","$187,366 ",,,$0 ,,,$0 ,,,$0 ,,,$0 ,"$1,899,375 ","$954,867 ","$141,531 ","$1,096,398 ","$352,550 ","$2,075 ","$354,625 ",,,$0 ,,,$0 ,,,$0 ,,,$0 ,"$2,838,360 ","$912,870 ","$97,323 ","$1,010,193 ","$438,751 ","$2,075 ","$440,826 ",,,$0 ,,,$0 ,,,$0 ,,,$0 ,,,$0 ,"$2,838,356 ",,,,,,,,,,,,,,,,,,,
1,,74455,3rd HCCF Vessel,Execute,Zaymar Sedra,Fit for Purpose,Strategic,Individual,$0 ,"$1,535,902 ",,"$1,669,681 ","$34,808 ","$1,704,489 ",,,$0 ,,,$0 ,,,$0 ,,,$0 ,,,$0 ,,,$0 ,"$3,240,391 ",,"$2,328,891 ","$27,591 ","$2,356,482 ","$254,209 ","$13,607 ","$267,816 ",,,$0 ,,,$0 ,,,$0 ,,,$0 ,"$3,713,805 ","$2,027,438 ","$43,784 ","$2,071,222 ","$113,412 ",$464 ,"$113,876 ",,,$0 ,,,$0 ,,,$0 ,,,$0 ,"$3,721,000 ","$1,669,681 ","$34,808 ","$1,704,489 ",,,$0 ,,,$0 ,,,$0 ,,,$0 ,,,$0 ,,,$0 ,"$3,240,391 ",,,,,,,,,,,,,,,,,,,
1,,74486,PCS Controller Cabinet Asset Replacement,Execute,Melanie Yevilov,Highly Capable Workforce,Stay in Business,Individual,$0 ,$0 ,,"$2,294,000 ",,"$2,294,000 ","$110,000 ",,"$110,000 ",,,$0 ,,,$0 ,,,$0 ,,,$0 ,,,$0 ,"$2,404,000 ",,"$2,404,000 ",,"$2,404,000 ","$1,546,000 ",,"$1,546,000 ","$2,092,000 ",,"$2,092,000 ",,,$0 ,,,$0 ,,,$0 ,"$6,042,000 ","$2,294,000 ",,"$2,294,000 ","$110,000 ",,"$110,000 ",,,$0 ,,,$0 ,,,$0 ,,,$0 ,"$2,404,000 ","$2,294,000 ",,"$2,294,000 ","$110,000 ",,"$110,000 ",,,$0 ,,,$0 ,,,$0 ,,,$0 ,,,$0 ,"$2,404,000 ",,,,,,,,,,,,,,,,,,,
1,,74487,Process VSD and SOV Asset Replacement,Execute,Melanie Yevilov,Highly Capable Workforce,Stay in Business,Individual,$0 ,$0 ,,"$3,599,797 ",,"$3,599,797 ","$1,425,031 ","$9,000 ","$1,434,031 ","$1,500,000 ","$9,000 ","$1,509,000 ",,,$0 ,,,$0 ,,,$0 ,,,$0 ,"$6,542,828 ",,"$4,542,000 ","$7,000 ","$4,549,000 ","$7,408,000 ","$18,000 ","$7,426,000 ","$5,427,000 ","$20,000 ","$5,447,000 ",,,$0 ,,,$0 ,,,$0 ,"$17,422,000 ","$3,599,318 ",,"$3,599,318 ","$2,925,031 ","$18,000 ","$2,943,031 ",,,$0 ,,,$0 ,,,$0 ,,,$0 ,"$6,542,349 ","$3,599,797 ",,"$3,599,797 ","$1,425,031 ","$9,000 ","$1,434,031 ","$1,500,000 ","$9,000 ","$1,509,000 ",,,$0 ,,,$0 ,,,$0 ,,,$0 ,"$6,542,828 ",,,,,,,,,,,,,,,,,,,
1,,74489,4040 Avenida Conference Center Acquisition,Execute,Deidre Dunham,Exceptional Culture,Strategic,Individual,$0 ,"$2,701,000 ",,"$685,700 ",,"$685,700 ",,,$0 ,,,$0 ,,,$0 ,,,$0 ,,,$0 ,,,$0 ,"$3,386,700 ",,"$688,000 ",,"$688,000 ",,,$0 ,,,$0 ,,,$0 ,,,$0 ,,,$0 ,"$3,388,000 ","$686,850 ",,"$686,850 ",,,$0 ,,,$0 ,,,$0 ,,,$0 ,,,$0 ,"$3,387,850 ","$685,700 ",,"$685,700 ",,,$0 ,,,$0 ,,,$0 ,,,$0 ,,,$0 ,,,$0 ,"$3,386,700 ",,,,,,,,,,,,,,,,,,,
1,,74490,Hyfish Material Screening Operation,Execute,Scott Fields,Reliability and Value,Improvements and Efficiencies,Individual,$0 ,"$860,038 ",,"$601,445 ",,"$601,445 ",,,$0 ,,,$0 ,,,$0 ,,,$0 ,,,$0 ,,,$0 ,"$1,461,483 ",,"$460,000 ",,"$460,000 ",,,$0 ,,,$0 ,,,$0 ,,,$0 ,,,$0 ,"$1,242,000 ","$422,881 ",,"$422,881 ",,,$0 ,,,$0 ,,,$0 ,,,$0 ,,,$0 ,"$1,282,919 ","$601,445 ",,"$601,445 ",,,$0 ,,,$0 ,,,$0 ,,,$0 ,,,$0 ,,,$0 ,"$1,461,483 ",,,,,,,,,,,,,,,,,,,
1,,74491,Etro Tech Transfer,Hold,Jim Neeleman,Launch and Commercial Excellence,Tech Transfers,Start-up,$0 ,$0 ,,"$990,000 ","$10,000 ","$1,000,000 ","$10,729,147 ","$429,900 ","$11,159,047 ","$5,698,340.69 ","$167,650 ","$5,865,991 ","$4,772,190.69 ","$172,550 ","$4,944,741 ",,,$0 ,,,$0 ,,,$0 ,"$22,969,778 ",,"$7,015,007 ","$200,000 ","$7,215,007 ","$11,618,688 ","$254,750 ","$11,873,438 ","$2,915,160 ","$82,980 ","$2,998,140 ","$232,200 ","$61,920 ","$294,120 ","$20,640 ","$47,520 ","$68,160 ",,,$0 ,"$22,448,865 ","$6,094,794 ","$116,900 ","$6,211,694 ","$12,701,630 ","$135,000 ","$12,836,630 ","$3,267,374 ","$80,000 ","$3,347,374 ","$487,190 ","$20,600 ","$507,790 ","$61,490 ","$4,800 ","$66,290 ",,,$0 ,"$22,969,778 ","$990,000 ","$10,000 ","$1,000,000 ","$10,729,147 ","$429,900 ","$11,159,047 ","$5,698,341 ","$167,650 ","$5,865,991 ","$4,772,191 ","$172,550 ","$4,944,741 ",,,$0 ,,,$0 ,,,$0 ,"$22,969,778 ",,,,,,,,,,,,,,,,,,,
1,,74510,PCS Asset Replacement - 2016,Execute,Zaymar Sedra,Fit for Purpose,Stay in Business,Individual,$0 ,$0 ,,"$1,765,839 ",$219 ,"$1,766,058 ","$149,000 ",,"$149,000 ",,,$0 ,,,$0 ,,,$0 ,,,$0 ,,,$0 ,"$1,915,058 ",,"$1,869,000 ",,"$1,869,000 ",,,$0 ,,,$0 ,,,$0 ,,,$0 ,,,$0 ,"$1,869,000 ","$1,745,958 ",$69 ,"$1,746,027 ","$149,000 ",,"$149,000 ",,,$0 ,,,$0 ,,,$0 ,,,$0 ,"$1,895,027 ","$1,765,839 ",$219 ,"$1,766,058 ","$149,000 ",,"$149,000 ",,,$0 ,,,$0 ,,,$0 ,,,$0 ,,,$0 ,"$1,915,058 ",,,,,,,,,,,,,,,,,,,
1,,74511,QR018 Compliance Steam and Condensate Containment,Execute,Scott Fields,Reliability and Value,Stay in Business,Individual,$0 ,$0 ,,"$1,648,200 ",,"$1,648,200 ","$3,325,000 ",,"$3,325,000 ",,,$0 ,,,$0 ,,,$0 ,,,$0 ,,,$0 ,"$4,973,200 ",,"$2,457,000 ","$45,000 ","$2,502,000 ","$2,471,000 ",,"$2,471,000 ",,,$0 ,,,$0 ,,,$0 ,,,$0 ,"$4,973,000 ","$1,943,300 ",,"$1,943,300 ","$3,074,500 ",,"$3,074,500 ",,,$0 ,,,$0 ,,,$0 ,,,$0 ,"$5,017,800 ","$1,648,200 ",,"$1,648,200 ","$3,325,000 ",,"$3,325,000 ",,,$0 ,,,$0 ,,,$0 ,,,$0 ,,,$0 ,"$4,973,200 ",,,,,,,,,,,,,,,,,,,
1,,74512,K6 Program - Project 2 - B381 Compliance,FXNL LT Appr,Zaymar Sedra,Fit for Purpose,SHE and K-Directives,Individual,$0 ,$0 ,,,,$0 ,,,$0 ,"$333,333 ","$22,222 ","$355,556 ","$416,667 ","$27,778 ","$444,444 ",,,$0 ,,,$0 ,,,$0 ,"$800,000 ",,,,$0 ,"$650,000 ","$50,000 ","$700,000 ",,,$0 ,,,$0 ,,,$0 ,,,$0 ,"$700,000 ",,,$0 ,"$333,333 ","$22,222 ","$355,556 ","$416,667 ","$27,778 ","$444,444 ",,,$0 ,,,$0 ,,,$0 ,"$800,000 ",,,$0 ,,,$0 ,"$333,333 ","$22,222 ","$355,556 ","$416,667 ","$27,778 ","$444,444 ",,,$0 ,,,$0 ,,,$0 ,"$800,000 ",,,,,,,,,,,,,,,,,,,
0,,74513,Electric Vehicle Charging Stations,Hold,Deidre Dunham,Exceptional Culture,Improvements and Efficiencies,Global,$0 ,$0 ,,,,$0 ,"$341,000 ","$9,000 ","$350,000 ",,,$0 ,,,$0 ,,,$0 ,,,$0 ,,,$0 ,"$350,000 ",,,,$0 ,"$712,000 ","$18,000 ","$730,000 ",,,$0 ,,,$0 ,,,$0 ,,,$0 ,"$730,000 ",,,$0 ,"$712,000 ","$18,000 ","$730,000 ",,,$0 ,,,$0 ,,,$0 ,,,$0 ,"$730,000 ",,,$0 ,"$341,000 ","$9,000 ","$350,000 ",,,$0 ,,,$0 ,,,$0 ,,,$0 ,,,$0 ,"$350,000 ",,,,,,,,,,,,,,,,,,,
1,FAE,76643,Optimize Column Movement Device,Execute,Melanie Yevilov,Highly Capable Workforce,SHE and K-Directives,Global,$0 ,"$126,474 ",,"$143,425 ",,"$143,425 ",,,$0 ,,,$0 ,,,$0 ,,,$0 ,,,$0 ,,,$0 ,"$269,899 ",,"$128,000 ",,"$128,000 ",,,$0 ,,,$0 ,,,$0 ,,,$0 ,,,$0 ,"$196,000 ","$143,425 ",,"$143,425 ",,,$0 ,,,$0 ,,,$0 ,,,$0 ,,,$0 ,"$269,899 ","$143,425 ",,"$143,425 ",,,$0 ,,,$0 ,,,$0 ,,,$0 ,,,$0 ,,,$0 ,"$269,899 ",,,,,,,,,,,,,,,,,,,
0,FAE,96069,Warehouse Crown Forklift Asset Replacement,Hold,Zaymar Sedra,Fit for Purpose,Life Cycle Mgmt,Global,$0 ,$0 ,,,,$0 ,"$144,407 ",,"$144,407 ",,,$0 ,,,$0 ,,,$0 ,,,$0 ,,,$0 ,"$144,407 ",,,,$0 ,"$144,407 ",,"$144,407 ",,,$0 ,,,$0 ,,,$0 ,,,$0 ,"$144,407 ",,,$0 ,"$144,407 ",,"$144,407 ",,,$0 ,,,$0 ,,,$0 ,,,$0 ,"$144,407 ",,,$0 ,"$144,407 ",,"$144,407 ",,,$0 ,,,$0 ,,,$0 ,,,$0 ,,,$0 ,"$144,407 ",,,,,,,,,,,,,,,,,,,
0,,96105,TMAC Tenderizer,Hold,Melanie Yevilov,Highly Capable Workforce,Stay in Business,Individual,$0 ,$0 ,,,,$0 ,$0 ,,$0 ,,,$0 ,,,$0 ,,,$0 ,,,$0 ,,,$0 ,$0 ,,,,$0 ,"$575,000 ",,"$575,000 ",,,$0 ,,,$0 ,,,$0 ,,,$0 ,"$575,000 ",,,$0 ,,,$0 ,,,$0 ,,,$0 ,,,$0 ,,,$0 ,$0 ,,,$0 ,$0 ,,$0 ,,,$0 ,,,$0 ,,,$0 ,,,$0 ,,,$0 ,$0 ,,,,,,,,,,,,,,,,,,,
0,,96112,Maintenance Ops Shop Buildout,Budgeted,Zaymar Sedra,Fit for Purpose,Improvements and Efficiencies,Individual,$0 ,$0 ,,,,$0 ,,,$0 ,,,$0 ,"$500,000 ",,"$500,000 ","$2,500,000 ",,"$2,500,000 ",,,$0 ,,,$0 ,"$3,000,000 ",,,,$0 ,"$1,000,000 ",,"$1,000,000 ","$2,000,000 ",,"$2,000,000 ",,,$0 ,,,$0 ,,,$0 ,"$3,000,000 ",,,$0 ,"$500,000 ",,"$500,000 ","$2,500,000 ",,"$2,500,000 ",,,$0 ,,,$0 ,,,$0 ,"$3,000,000 ",,,$0 ,,,$0 ,,,$0 ,"$500,000 ",,"$500,000 ","$2,500,000 ",,"$2,500,000 ",,,$0 ,,,$0 ,"$3,000,000 ",,,,,,,,,,,,,,,,,,,
0,,96113,Bulk Product Storage -20/-40,Placeholder,Jim Neeleman,Launch and Commercial Excellence,Improvements and Efficiencies,Individual,$0 ,$0 ,,,,$0 ,,,$0 ,,,$0 ,,,$0 ,"$10,000,000 ",,"$10,000,000 ",,,$0 ,,,$0 ,"$10,000,000 ",,,,$0 ,,,$0 ,,,$0 ,,,$0 ,"$10,000,000 ",,"$10,000,000 ",,,$0 ,"$10,000,000 ",,,$0 ,,,$0 ,,,$0 ,,,$0 ,"$10,000,000 ",,"$10,000,000 ",,,$0 ,"$10,000,000 ",,,$0 ,,,$0 ,,,$0 ,,,$0 ,"$10,000,000 ",,"$10,000,000 ",,,$0 ,,,$0 ,"$10,000,000 ",,,,,,,,,,,,,,,,,,,
0,,96116,PCS Process Support Equipment Integration,Idea,TBD,TBD,Improvements and Efficiencies,Individual,$0 ,$0 ,,,,$0 ,,,$0 ,"$750,000 ","$750,000 ","$1,500,000 ","$750,000 ","$750,000 ","$1,500,000 ",,,$0 ,,,$0 ,,,$0 ,"$3,000,000 ",,,,$0 ,"$750,000 ","$750,000 ","$1,500,000 ","$750,000 ","$750,000 ","$1,500,000 ",,,$0 ,,,$0 ,,,$0 ,"$3,000,000 ",,,$0 ,,,$0 ,"$750,000 ","$750,000 ","$1,500,000 ","$750,000 ","$750,000 ","$1,500,000 ",,,$0 ,,,$0 ,"$3,000,000 ",,,$0 ,,,$0 ,"$750,000 ","$750,000 ","$1,500,000 ","$750,000 ","$750,000 ","$1,500,000 ",,,$0 ,,,$0 ,,,$0 ,"$3,000,000 ",,,,,,,,,,,,,,,,,,,
0,FAC,96117,MCS Manufacturing Area Wireless Access Point Asset Replacement - 2019,Budgeted,Zaymar Sedra,Fit for Purpose,Life Cycle Mgmt,Global,$0 ,$0 ,,,,$0 ,,,$0 ,,,$0 ,,,$0 ,"$440,000 ",,"$440,000 ",,,$0 ,,,$0 ,"$440,000 ",,,,$0 ,,,$0 ,,,$0 ,"$440,000 ",,"$440,000 ",,,$0 ,,,$0 ,"$440,000 ",,,$0 ,,,$0 ,,,$0 ,,,$0 ,"$440,000 ",,"$440,000 ",,,$0 ,"$440,000 ",,,$0 ,,,$0 ,,,$0 ,,,$0 ,"$440,000 ",,"$440,000 ",,,$0 ,,,$0 ,"$440,000 ",,,,,,,,,,,,,,,,,,,
0,,74527,Vessel 1020 Upgrade,Idea,Zaymar Sedra,Fit for Purpose,Stay in Business,Individual,$0 ,$0 ,,$0 ,,$0 ,,,$0 ,"$3,700,000 ","$100,000 ","$3,800,000 ","$100,000 ",,"$100,000 ",,,$0 ,,,$0 ,,,$0 ,"$3,900,000 ",,"$2,646,000 ",,"$2,646,000 ","$11,013,000 ",,"$11,013,000 ",,,$0 ,,,$0 ,,,$0 ,,,$0 ,"$13,659,000 ",,,$0 ,"$4,859,000 ",,"$4,859,000 ",,,$0 ,,,$0 ,,,$0 ,,,$0 ,"$4,859,000 ",$0 ,,$0 ,,,$0 ,"$3,700,000 ","$100,000 ","$3,800,000 ","$100,000 ",,"$100,000 ",,,$0 ,,,$0 ,,,$0 ,"$3,900,000 ",,,,,,,,,,,,,,,,,,,
0,,74559,Perjeta Tech Transfer,Budgeted,Jim Neeleman,Launch and Commercial Excellence,Tech Transfers,Start-up,$0 ,$0 ,,,,$0 ,"$8,793,594 ","$147,070 ","$8,940,664 ","$61,780,285 ","$16,999,060 ","$78,779,345 ","$1,376,100 ","$55,330 ","$1,431,430 ","$349,305 ","$19,800 ","$369,105 ","$38,280 ","$40,920 ","$79,200 ",,,$0 ,"$89,599,744 ",,,,$0 ,"$8,000,000 ","$50,000 ","$8,050,000 ","$8,400,000 ","$50,000 ","$8,450,000 ",,,$0 ,,,$0 ,,,$0 ,"$16,500,000 ",,,$0 ,"$8,793,594 ","$147,070 ","$8,940,664 ","$78,610,055 ","$169,290 ","$78,779,345 ","$1,376,100 ","$55,330 ","$1,431,430 ","$349,305 ","$19,800 ","$369,105 ","$38,280 ","$40,920 ","$79,200 ","$89,599,744 ",,,$0 ,"$8,793,594 ","$147,070 ","$8,940,664 ","$61,780,285 ","$16,999,060 ","$78,779,345 ","$1,376,100 ","$55,330 ","$1,431,430 ","$349,305 ","$19,800 ","$369,105 ","$38,280 ","$40,920 ","$79,200 ",,,$0 ,"$89,599,744 ",,,,,,,,,,,,,,,,,,,
0,,96125,Flu A Tech Transfer,Budgeted,Jim Neeleman,Launch and Commercial Excellence,Tech Transfers,Start-up,$0 ,$0 ,,,,$0 ,,,$0 ,,,$0 ,"$8,793,594 ","$147,070 ","$8,940,664 ","$24,767,312 ","$6,402,538 ","$31,169,850 ","$1,376,100 ","$55,330 ","$1,431,430 ",,,$0 ,"$41,541,944 ",,,,$0 ,,,$0 ,"$8,000,000 ","$50,000 ","$8,050,000 ","$8,400,000 ","$50,000 ","$8,450,000 ",,,$0 ,,,$0 ,"$16,500,000 ",,,$0 ,,,$0 ,,,$0 ,"$8,793,594 ","$147,070 ","$8,940,664 ","$31,000,560 ","$169,290 ","$31,169,850 ","$1,376,100 ","$55,330 ","$1,431,430 ","$41,541,944 ",,,$0 ,,,$0 ,,,$0 ,"$8,793,594 ","$147,070 ","$8,940,664 ","$24,767,312 ","$6,402,538 ","$31,169,850 ","$1,376,100 ","$55,330 ","$1,431,430 ",,,$0 ,"$41,541,944 ",,,,,,,,,,,,,,,,,,,
0,,96126,Flu B Tech Transfer,Budgeted,Jim Neeleman,Launch and Commercial Excellence,Tech Transfers,Start-up,$0 ,$0 ,,,,$0 ,,,$0 ,,,$0 ,,,$0 ,"$8,793,594 ","$147,070 ","$8,940,664 ","$22,558,264 ","$6,194,763 ","$28,753,027 ",,,$0 ,"$37,693,691 ",,,,$0 ,,,$0 ,,,$0 ,"$8,000,000 ","$50,000 ","$8,050,000 ","$8,400,000 ","$50,000 ","$8,450,000 ",,,$0 ,"$16,500,000 ",,,$0 ,,,$0 ,,,$0 ,,,$0 ,"$8,793,594 ","$147,070 ","$8,940,664 ","$28,583,737 ","$169,290 ","$28,753,027 ","$37,693,691 ",,,$0 ,,,$0 ,,,$0 ,,,$0 ,"$8,793,594 ","$147,070 ","$8,940,664 ","$22,558,264 ","$6,194,763 ","$28,753,027 ",,,$0 ,"$37,693,691 ",,,,,,,,,,,,,,,,,,,
1,,74546,Mezzanine Safety Shower/Eye Wash Station Install,Execute 1,Melanie Yevilov,Highly Capable Workforce,SHE and K-Directives,Individual,$0 ,$0 ,,"$100,000 ",,"$100,000 ","$700,000 ",,"$700,000 ",,,$0 ,,,$0 ,,,$0 ,,,$0 ,,,$0 ,"$800,000 ",,"$210,000 ",,"$210,000 ",,,$0 ,,,$0 ,,,$0 ,,,$0 ,,,$0 ,"$210,000 ","$100,000 ",,"$100,000 ","$785,864 ",,"$785,864 ",,,$0 ,,,$0 ,,,$0 ,,,$0 ,"$885,864 ","$100,000 ",,"$100,000 ","$700,000 ",,"$700,000 ",,,$0 ,,,$0 ,,,$0 ,,,$0 ,,,$0 ,"$800,000 ",,,,,,,,,,,,,,,,,,,
0,FAE,96133,QC Rapid Scan RDI System,Hold,Jim Neeleman,Launch and Commercial Excellence,New Technologies,Global,$0 ,$0 ,,,,$0 ,"$210,000 ",,"$210,000 ",,,$0 ,,,$0 ,,,$0 ,,,$0 ,,,$0 ,"$210,000 ",,,,$0 ,"$210,000 ",,"$210,000 ",,,$0 ,,,$0 ,,,$0 ,,,$0 ,"$210,000 ",,,$0 ,"$210,000 ",,"$210,000 ",,,$0 ,,,$0 ,,,$0 ,,,$0 ,"$210,000 ",,,$0 ,"$210,000 ",,"$210,000 ",,,$0 ,,,$0 ,,,$0 ,,,$0 ,,,$0 ,"$210,000 ",,,,,,,,,,,,,,,,,,,
1,FAE,96135,QC Spectrophotometers,Hold,Deidre Dunham,Highly Capable Workforce,Global,$0 ,$0 ,,,,,$0 ,,,$0 ,,,$0 ,,,$0 ,,,$0 ,,,$0 ,,,$0 ,$0 ,,"$327,522 ",,"$327,522 ",,,$0 ,,,$0 ,,,$0 ,,,$0 ,,,$0 ,"$327,522 ","$23,000 ",,"$23,000 ",,,$0 ,,,$0 ,,,$0 ,,,$0 ,,,$0 ,"$23,000 ",,,$0 ,,,$0 ,,,$0 ,,,$0 ,,,$0 ,,,$0 ,,,$0 ,$0 ,,,,,,,,,,,,,,,,,,,
0,FAC,96136,V-3007 Replacement,FXNL LT Appr,Zaymar Sedra,Fit for Purpose,Life Cycle Mgmt,Global,$0 ,$0 ,,,,$0 ,"$120,000 ",,"$120,000 ","$120,000 ",,"$120,000 ",,,$0 ,,,$0 ,,,$0 ,,,$0 ,"$240,000 ",,,,$0 ,"$240,000 ",,"$240,000 ",,,$0 ,,,$0 ,,,$0 ,,,$0 ,"$240,000 ",,,$0 ,"$120,000 ",,"$120,000 ","$120,000 ",,"$120,000 ",,,$0 ,,,$0 ,,,$0 ,"$240,000 ",,,$0 ,"$120,000 ",,"$120,000 ","$120,000 ",,"$120,000 ",,,$0 ,,,$0 ,,,$0 ,,,$0 ,"$240,000 ",,,,,,,,,,,,,,,,,,,
1,FAC,73465,Security Systems Upgrade,Execute,Deidre Dunham,Exceptional Culture,SHE and K-Directives,Global,$0 ,$0 ,,"$200,000 ",,"$200,000 ",,,$0 ,,,$0 ,,,$0 ,,,$0 ,,,$0 ,,,$0 ,"$200,000 ",,"$250,000 ",,"$250,000 ",,,$0 ,,,$0 ,,,$0 ,,,$0 ,,,$0 ,"$250,000 ","$175,000 ",,"$175,000 ",,,$0 ,,,$0 ,,,$0 ,,,$0 ,,,$0 ,"$175,000 ","$202,000 ",,"$202,000 ",,,$0 ,,,$0 ,,,$0 ,,,$0 ,,,$0 ,,,$0 ,"$202,000 ",,,,,,,,,,,,,,,,,,,
1,FAC,96139,Trash Bin Storm Water Mitigation,FXNL LT Appr,Deidre Dunham,Exceptional Culture,SHE and K-Directives,Global,$0 ,$0 ,,"$50,000 ",,"$50,000 ","$150,000 ",,"$150,000 ",,,$0 ,,,$0 ,,,$0 ,,,$0 ,,,$0 ,"$200,000 ",,"$200,000 ",,"$200,000 ",,,$0 ,,,$0 ,,,$0 ,,,$0 ,,,$0 ,"$200,000 ",,,$0 ,"$200,000 ",,"$200,000 ",,,$0 ,,,$0 ,,,$0 ,,,$0 ,"$200,000 ","$50,000 ",,"$50,000 ","$150,000 ",,"$150,000 ",,,$0 ,,,$0 ,,,$0 ,,,$0 ,,,$0 ,"$200,000 ",,,,,,,,,,,,,,,,,,,
1,FAE,65066,Appleton Tank Mover,Execute,Melanie Yevilov,Highly Capable Workforce,SHE and K-Directives,Global,$0 ,$0 ,,"$73,000 ",,"$73,000 ",,,$0 ,,,$0 ,,,$0 ,,,$0 ,,,$0 ,,,$0 ,"$73,000 ",,,,$0 ,"$80,000 ",,"$80,000 ",,,$0 ,,,$0 ,,,$0 ,,,$0 ,"$80,000 ","$73,000 ",,"$73,000 ",,,$0 ,,,$0 ,,,$0 ,,,$0 ,,,$0 ,"$73,000 ","$73,000 ",,"$73,000 ",,,$0 ,,,$0 ,,,$0 ,,,$0 ,,,$0 ,,,$0 ,"$73,000 ",,,,,,,,,,,,,,,,,,,
1,FAE,65021,Hazardous Material Response Cart,Execute,Melanie Yevilov,Highly Capable Workforce,SHE and K-Directives,Global,$0 ,$0 ,,"$17,985 ",,"$17,985 ",,,$0 ,,,$0 ,,,$0 ,,,$0 ,,,$0 ,,,$0 ,"$17,985 ",,,,$0 ,,,$0 ,,,$0 ,,,$0 ,,,$0 ,,,$0 ,"$18,000 ","$19,424 ",,"$19,424 ",,,$0 ,,,$0 ,,,$0 ,,,$0 ,,,$0 ,"$19,424 ","$17,985 ",,"$17,985 ",,,$0 ,,,$0 ,,,$0 ,,,$0 ,,,$0 ,,,$0 ,"$17,985 ",,,,,,,,,,,,,,,,,,,
0,FAC,96159,OCC Network Remediation,Hold,Zaymar Sedra,Fit for Purpose,Improvements and Efficiencies,Global,$0 ,$0 ,,"$150,000 ",,"$150,000 ",,,$0 ,,,$0 ,,,$0 ,,,$0 ,,,$0 ,,,$0 ,"$150,000 ",,"$150,000 ",,"$150,000 ",,,$0 ,,,$0 ,,,$0 ,,,$0 ,,,$0 ,"$150,000 ","$150,000 ",,"$150,000 ",,,$0 ,,,$0 ,,,$0 ,,,$0 ,,,$0 ,"$150,000 ","$150,000 ",,"$150,000 ",,,$0 ,,,$0 ,,,$0 ,,,$0 ,,,$0 ,,,$0 ,"$150,000 ",,,,,,,,,,,,,,,,,,,
0,,96165,WAN Link Redundancy,Hold,Scott Fields,Reliability and Value,Improvements and Efficiencies,Individual,$0 ,$0 ,,,,$0 ,,,$0 ,,,$0 ,,,$0 ,,,$0 ,,,$0 ,,,$0 ,$0 ,,,,$0 ,"$2,000,000 ",,"$2,000,000 ",,,$0 ,,,$0 ,,,$0 ,,,$0 ,"$2,000,000 ",,,$0 ,"$2,000,000 ",,"$2,000,000 ",,,$0 ,,,$0 ,,,$0 ,,,$0 ,"$2,000,000 ",,,$0 ,,,$0 ,,,$0 ,,,$0 ,,,$0 ,,,$0 ,,,$0 ,$0 ,,,,,,,,,,,,,,,,,,,
0,FAC,96163,MFG Depth Filter Housing,Canceled,N/A,N/A,Stay in Business,Global,$0 ,$0 ,,,,$0 ,,,$0 ,,,$0 ,,,$0 ,,,$0 ,,,$0 ,,,$0 ,$0 ,,,,$0 ,"$300,000 ","$100,000 ","$400,000 ",,,$0 ,,,$0 ,,,$0 ,,,$0 ,"$400,000 ",,,$0 ,"$300,000 ","$100,000 ","$400,000 ",,,$0 ,,,$0 ,,,$0 ,,,$0 ,"$400,000 ",,,$0 ,,,$0 ,,,$0 ,,,$0 ,,,$0 ,,,$0 ,,,$0 ,$0 ,,,,,,,,,,,,,,,,,,,
0,FAC,96164,Hazardous Materials Containers Washing Station,Hold,Melanie Yevilov,Highly Capable Workforce,SHE and K-Directives,Global,$0 ,$0 ,,,,$0 ,,,$0 ,,,$0 ,,,$0 ,,,$0 ,,,$0 ,,,$0 ,$0 ,,"$30,000 ",,"$30,000 ",,,$0 ,,,$0 ,,,$0 ,,,$0 ,,,$0 ,"$30,000 ",,,$0 ,"$30,000 ",,"$30,000 ",,,$0 ,,,$0 ,,,$0 ,,,$0 ,"$30,000 ",,,$0 ,,,$0 ,,,$0 ,,,$0 ,,,$0 ,,,$0 ,,,$0 ,$0 ,,,,,,,,,,,,,,,,,,,
0,FAC,96167,Emergency Generator High Level Alarm,Canceled,N/A,N/A,SHE and K-Directives,Global,$0 ,$0 ,,,,$0 ,,,$0 ,,,$0 ,,,$0 ,,,$0 ,,,$0 ,,,$0 ,$0 ,,"$25,000 ",,"$25,000 ",,,$0 ,,,$0 ,,,$0 ,,,$0 ,,,$0 ,"$25,000 ","$25,000 ",,"$25,000 ",,,$0 ,,,$0 ,,,$0 ,,,$0 ,,,$0 ,"$25,000 ",,,$0 ,,,$0 ,,,$0 ,,,$0 ,,,$0 ,,,$0 ,,,$0 ,$0 ,,,,,,,,,,,,,,,,,,,
0,FAC,96168,Replace Warehouse #321 Sprinkler Heads,Idea,Melanie Yevilov,Highly Capable Workforce,SHE and K-Directives,Global,$0 ,$0 ,,"$20,000 ",,"$20,000 ",,,$0 ,,,$0 ,,,$0 ,,,$0 ,,,$0 ,,,$0 ,"$20,000 ",,"$20,000 ",,"$20,000 ",,,$0 ,,,$0 ,,,$0 ,,,$0 ,,,$0 ,"$20,000 ","$20,000 ",,"$20,000 ",,,$0 ,,,$0 ,,,$0 ,,,$0 ,,,$0 ,"$20,000 ","$20,000 ",,"$20,000 ",,,$0 ,,,$0 ,,,$0 ,,,$0 ,,,$0 ,,,$0 ,"$20,000 ",,,,,,,,,,,,,,,,,,,
1,,74526,Utility and Process Safety System,Execute,Melanie Yevilov,Highly Capable Workforce,SHE and K-Directives,Individual,$0 ,$0 ,,"$1,882,404 ",,"$1,882,404 ","$57,596 ",,"$57,596 ",,,$0 ,,,$0 ,,,$0 ,,,$0 ,,,$0 ,"$1,940,000 ",,"$1,700,000 ",,"$1,700,000 ",,,$0 ,,,$0 ,,,$0 ,,,$0 ,,,$0 ,"$1,700,000 ","$1,190,000 ",,"$1,190,000 ","$510,000 ",,"$510,000 ",,,$0 ,,,$0 ,,,$0 ,,,$0 ,"$1,700,000 ","$1,882,404 ",,"$1,882,404 ","$57,596 ",,"$57,596 ",,,$0 ,,,$0 ,,,$0 ,,,$0 ,,,$0 ,"$1,940,000 ",,,,,,,,,,,,,,,,,,,
1,,74525,CIP Reliability and Efficiency - PI,Idea,#N/A,Reliability and Value,#N/A,Individual,$0 ,$0 ,,,$0 ,$0 ,,,$0 ,,,$0 ,$0 ,,$0 ,,,$0 ,,,$0 ,,,$0 ,$0 ,,,"$400,000 ","$400,000 ","$1,000,000 ",,"$1,000,000 ","$2,000,000 ",,"$2,000,000 ","$1,000,000 ",,"$1,000,000 ",,,$0 ,,,$0 ,"$4,400,000 ",,,$0 ,,,$0 ,,,$0 ,,,$0 ,,,$0 ,,,$0 ,$0 ,,$0 ,$0 ,,,$0 ,,,$0 ,$0 ,,$0 ,,,$0 ,,,$0 ,,,$0 ,$0 ,,,,,,,,,,,,,,,,,,,
1,FAE,65005,Analytical Scale,Execute,Scott Fields,Reliability and Value,New Technologies,Global,$0 ,$0 ,,"$24,238 ",,"$24,238 ",,,$0 ,,,$0 ,,,$0 ,,,$0 ,,,$0 ,,,$0 ,"$24,238 ",,,,,,,,,,,,,,,,,,,,,"$24,238 ",,"$24,238 ",,,$0 ,,,$0 ,,,$0 ,,,$0 ,,,$0 ,"$24,238 ","$24,238 ",,"$24,238 ",,,$0 ,,,$0 ,,,$0 ,,,$0 ,,,$0 ,,,$0 ,"$24,238 ",,,,,,,,,,,,,,,,,,,
1,FAC,65009,Drum Mover/Raw Material Tenderizer,Execute,Melanie Yevilov,Highly Capable Workforce,SHE and K-Directives,Global,$0 ,$0 ,,"$30,000 ","$4,000 ","$34,000 ",,,$0 ,,,$0 ,,,$0 ,,,$0 ,,,$0 ,,,$0 ,"$34,000 ",,,"$25,000 ","$25,000 ",,,$0 ,,,$0 ,,,$0 ,,,$0 ,,,$0 ,"$25,000 ","$30,000 ","$4,000 ","$34,000 ",,,$0 ,,,$0 ,,,$0 ,,,$0 ,,,$0 ,"$34,000 ","$30,000 ","$4,000 ","$34,000 ",,,$0 ,,,$0 ,,,$0 ,,,$0 ,,,$0 ,,,$0 ,"$34,000 ",,,,,,,,,,,,,,,,,,,
1,FAE,65020,QC Auto-Pipettor for Potency Assay,Execute,Scott Fields,Reliability and Value,SHE and K-Directives,Global,$0 ,$0 ,,"$27,987 ",,"$27,987 ",,,$0 ,,,$0 ,,,$0 ,,,$0 ,,,$0 ,,,$0 ,"$27,987 ",,,,,,,,,,,,,,,,,,,,,"$27,987 ",,"$27,987 ",,,$0 ,,,$0 ,,,$0 ,,,$0 ,,,$0 ,"$27,987 ","$27,987 ",,"$27,987 ",,,$0 ,,,$0 ,,,$0 ,,,$0 ,,,$0 ,,,$0 ,"$27,987 ",,,,,,,,,,,,,,,,,,,
1,FAE,65023,QC Plate Washer for Potency Assay,Execute,Jim Neeleman,Launch and Commercial Excellence,New Technologies,Global,$0 ,$0 ,,"$56,795 ",,"$56,795 ",,,$0 ,,,$0 ,,,$0 ,,,$0 ,,,$0 ,,,$0 ,"$56,795 ",,,,,,,,,,,,,,,,,,,,,"$56,795 ",,"$56,795 ",,,$0 ,,,$0 ,,,$0 ,,,$0 ,,,$0 ,"$56,795 ","$56,795 ",,"$56,795 ",,,$0 ,,,$0 ,,,$0 ,,,$0 ,,,$0 ,,,$0 ,"$56,795 ",,,,,,,,,,,,,,,,,,,
1,FAE,65018,Spare Bowl for Hermetic Centrifuge,Execute,Zaymar Sedra,Fit for Purpose,Improvements and Efficiencies,Global,$0 ,$0 ,,"$320,000 ",,"$320,000 ",,,$0 ,,,$0 ,,,$0 ,,,$0 ,,,$0 ,,,$0 ,"$320,000 ",,,,,,,,,,,,,,,,,,,,,"$320,000 ",,"$320,000 ",,,$0 ,,,$0 ,,,$0 ,,,$0 ,,,$0 ,"$320,000 ","$320,000 ",,"$320,000 ",,,$0 ,,,$0 ,,,$0 ,,,$0 ,,,$0 ,,,$0 ,"$320,000 ",,,,,,,,,,,,,,,,,,,
1,FAE,65015,Lower Solid Collector for Centrifuge,Execute,Scott Fields,Reliability and Value,Improvements and Efficiencies,Global,$0 ,$0 ,,"$142,000 ",,"$142,000 ",,,$0 ,,,$0 ,,,$0 ,,,$0 ,,,$0 ,,,$0 ,"$142,000 ",,,,,,,,,,,,,,,,,,,,,"$245,000 ",,"$245,000 ",,,$0 ,,,$0 ,,,$0 ,,,$0 ,,,$0 ,"$245,000 ","$142,000 ",,"$142,000 ",,,$0 ,,,$0 ,,,$0 ,,,$0 ,,,$0 ,,,$0 ,"$142,000 ",,,,,,,,,,,,,,,,,,,
1,FAE,65024,Sci&Eng Lab Incubator and Freezer Asset Replacement,Execute,Jim Neeleman,Launch and Commercial Excellence,Stay in Business,Global,$0 ,$0 ,,"$129,028 ",,"$129,028 ",,,$0 ,,,$0 ,,,$0 ,,,$0 ,,,$0 ,,,$0 ,"$129,028 ",,,,,,,,,,,,,,,,,,,,,"$140,000 ",,"$140,000 ","$488,779 ",,"$488,779 ",,,$0 ,,,$0 ,,,$0 ,,,$0 ,"$628,779 ","$129,028 ",,"$129,028 ",,,$0 ,,,$0 ,,,$0 ,,,$0 ,,,$0 ,,,$0 ,"$129,028 ",,,,,,,,,,,,,,,,,,,
0,FAE,96169,Level Indicator Transmitters,Hold,Zaymar Sedra,Fit for Purpose,New Technologies,Global,$0 ,$0 ,,"$70,000 ",,"$70,000 ",,,$0 ,,,$0 ,,,$0 ,,,$0 ,,,$0 ,,,$0 ,"$70,000 ",,,,,,,,,,,,,,,,,,,,,"$70,000 ",,"$70,000 ",,,$0 ,,,$0 ,,,$0 ,,,$0 ,,,$0 ,"$70,000 ","$70,000 ",,"$70,000 ",,,$0 ,,,$0 ,,,$0 ,,,$0 ,,,$0 ,,,$0 ,"$70,000 ",,,,,,,,,,,,,,,,,,,
1,,74535,Draining of Top Mounted Agitator Well (CAPA 1140940),Execute,Scott Fields,Reliability and Value,Stay in Business,Individual,$0 ,$0 ,,"$306,000 ",,"$306,000 ","$654,000 ",,"$654,000 ",,,$0 ,,,$0 ,,,$0 ,,,$0 ,,,$0 ,"$960,000 ",,,,,,,,,,,,,,,,,,,,,"$306,000 ",,"$306,000 ","$654,000 ",,"$654,000 ",,,$0 ,,,$0 ,,,$0 ,,,$0 ,"$960,000 ","$306,000 ",,"$306,000 ","$654,000 ",,"$654,000 ",,,$0 ,,,$0 ,,,$0 ,,,$0 ,,,$0 ,"$960,000 ",,,,,,,,,,,,,,,,,,,
1,FAC,65044,Additional MCS Backup Storage,Execute,Scott Fields,Reliability and Value,Improvements and Efficiencies,Global,$0 ,$0 ,,"$62,000 ",,"$62,000 ",,,$0 ,,,$0 ,,,$0 ,,,$0 ,,,$0 ,,,$0 ,"$62,000 ",,,,,,,,,,,,,,,,,,,,,"$62,000 ",,"$62,000 ",,,$0 ,,,$0 ,,,$0 ,,,$0 ,,,$0 ,"$62,000 ","$62,000 ",,"$62,000 ",,,$0 ,,,$0 ,,,$0 ,,,$0 ,,,$0 ,,,$0 ,"$62,000 ",,,,,,,,,,,,,,,,,,,
1,FAE,65037,Analytical Scales (CAPA1150248),Execute,Scott Fields,Reliability and Value,New Technologies,Global,$0 ,$0 ,,"$23,997 ",,"$23,997 ",,,$0 ,,,$0 ,,,$0 ,,,$0 ,,,$0 ,,,$0 ,"$23,997 ",,,,,,,,,,,,,,,,,,,,,"$23,914 ",,"$23,914 ",,,$0 ,,,$0 ,,,$0 ,,,$0 ,,,$0 ,"$23,914 ","$23,997 ",,"$23,997 ",,,$0 ,,,$0 ,,,$0 ,,,$0 ,,,$0 ,,,$0 ,"$23,997 ",,,,,,,,,,,,,,,,,,,
1,FAC,73460,Fall Protection Phase II,Execute,Deidre Dunham,Exceptional Culture,SHE and K-Directives,Global,$0 ,$0 ,,"$130,000 ",,"$130,000 ","$5,000 ",,"$5,000 ",,,$0 ,,,$0 ,,,$0 ,,,$0 ,,,$0 ,"$135,000 ",,,,,,,,,,,,,,,,,,,,,"$135,000 ",,"$135,000 ",,,$0 ,,,$0 ,,,$0 ,,,$0 ,,,$0 ,"$135,000 ","$130,000 ",,"$130,000 ","$5,000 ",,"$5,000 ",,,$0 ,,,$0 ,,,$0 ,,,$0 ,,,$0 ,"$135,000 ",,,,,,,,,,,,,,,,,,,
1,FAE,65040,Sci&Eng Cryofreezer,Execute,Jim Neeleman,Launch and Commercial Excellence,Stay in Business,Global,$0 ,$0 ,,"$20,185 ",,"$20,185 ",,,$0 ,,,$0 ,,,$0 ,,,$0 ,,,$0 ,,,$0 ,"$20,185 ",,,,,,,,,,,,,,,,,,,,,"$20,185 ",,"$20,185 ",,,$0 ,,,$0 ,,,$0 ,,,$0 ,,,$0 ,"$20,185 ","$20,185 ",,"$20,185 ",,,$0 ,,,$0 ,,,$0 ,,,$0 ,,,$0 ,,,$0 ,"$20,185 ",,,,,,,,,,,,,,,,,,,
1,FAE,65048,Process Maintenance Boroscope,Execute,Scott Fields,Reliability and Value,Stay in Business,Global,$0 ,$0 ,,"$35,008 ",,"$35,008 ",,,$0 ,,,$0 ,,,$0 ,,,$0 ,,,$0 ,,,$0 ,"$35,008 ",,,,,,,,,,,,,,,,,,,,,"$37,000 ",,"$37,000 ",,,$0 ,,,$0 ,,,$0 ,,,$0 ,,,$0 ,"$37,000 ","$35,008 ",,"$35,008 ",,,$0 ,,,$0 ,,,$0 ,,,$0 ,,,$0 ,,,$0 ,"$35,008 ",,,,,,,,,,,,,,,,,,,
0,,96177,Productivity Projects,Placeholder,Scott Fields,Reliability and Value,Improvements and Efficiencies,Individual,$0 ,$0 ,,,,$0 ,"$3,000,000 ",,"$3,000,000 ","$3,000,000 ",,"$3,000,000 ","$3,000,000 ",,"$3,000,000 ","$3,000,000 ",,"$3,000,000 ","$3,000,000 ",,"$3,000,000 ",,,$0 ,"$15,000,000 ",,,,,,,,,,,,,,,,,,,,,,,$0 ,"$3,000,000 ",,"$3,000,000 ","$3,000,000 ",,"$3,000,000 ","$3,000,000 ",,"$3,000,000 ","$3,000,000 ",,"$3,000,000 ","$3,000,000 ",,"$3,000,000 ","$15,000,000 ",,,$0 ,"$3,000,000 ",,"$3,000,000 ","$3,000,000 ",,"$3,000,000 ","$3,000,000 ",,"$3,000,000 ","$3,000,000 ",,"$3,000,000 ","$3,000,000 ",,"$3,000,000 ",,,$0 ,"$15,000,000 ",,,,,,,,,,,,,,,,,,,
0,,96178,Process VSD and SOV Replacement - Phase 2,,,,Stay in Business,Individual,,,,,,$0 ,,,$0 ,"$2,500,000 ",,"$2,500,000 ","$3,000,000 ",,"$3,000,000 ",,,$0 ,,,$0 ,,,$0 ,"$5,500,000 ",,,,,,,,,,,,,,,,,,,,,,,$0 ,,,$0 ,"$2,500,000 ",,"$2,500,000 ","$3,000,000 ",,"$3,000,000 ",,,$0 ,,,$0 ,"$5,500,000 ",,,$0 ,,,$0 ,"$2,500,000 ",,"$2,500,000 ","$3,000,000 ",,"$3,000,000 ",,,$0 ,,,$0 ,,,$0 ,"$5,500,000 ",,,,,,,,,,,,,,,,,,,
0,,96179,Process VSD and SOV Replacement - Phase 3,,,,Stay in Business,Individual,,,,,,$0 ,,,$0 ,,,$0 ,"$458,000 ",,"$458,000 ","$5,000,000 ",,"$5,000,000 ",,,$0 ,,,$0 ,"$5,458,000 ",,,,,,,,,,,,,,,,,,,,,,,$0 ,,,$0 ,,,$0 ,"$458,000 ",,"$458,000 ","$5,000,000 ",,"$5,000,000 ",,,$0 ,"$5,458,000 ",,,$0 ,,,$0 ,,,$0 ,"$458,000 ",,"$458,000 ","$5,000,000 ",,"$5,000,000 ",,,$0 ,,,$0 ,"$5,458,000 ",,,,,,,,,,,,,,,,,,,
0,,96180,TMAC Waste System Improvements,,,,Stay in Business,Individual,,,,,,$0 ,,,$0 ,,,$0 ,,,$0 ,,,$0 ,,,$0 ,,,$0 ,$0 ,,,,,,,,,,,,,,,,,,,,,,,$0 ,"$1,500,000 ",,"$1,500,000 ",,,$0 ,,,$0 ,,,$0 ,,,$0 ,"$1,500,000 ",,,$0 ,,,$0 ,,,$0 ,,,$0 ,,,$0 ,,,$0 ,,,$0 ,$0 ,,,,,,,,,,,,,,,,,,,
0,FAC,96181,Fall Protection Phase III,,,,SHE and K-Directives,Global,,,,,,$0 ,"$130,000 ","$20,000 ","$150,000 ",,,$0 ,,,$0 ,,,$0 ,,,$0 ,,,$0 ,"$150,000 ",,,,,,,,,,,,,,,,,,,,,,,$0 ,"$100,000 ",,"$100,000 ",,,$0 ,,,$0 ,,,$0 ,,,$0 ,"$100,000 ",,,$0 ,"$130,000 ","$20,000 ","$150,000 ",,,$0 ,,,$0 ,,,$0 ,,,$0 ,,,$0 ,"$150,000 ",,,,,,,,,,,,,,,,,,,
0,FAC,96183,Site Signage Upgrade,,,,Stay in Business,Global,,,,,,$0 ,"$175,000 ","$25,000 ","$200,000 ",,,$0 ,,,$0 ,,,$0 ,,,$0 ,,,$0 ,"$200,000 ",,,,,,,,,,,,,,,,,,,,,,,$0 ,"$200,000 ",,"$200,000 ",,,$0 ,,,$0 ,,,$0 ,,,$0 ,"$200,000 ",,,$0 ,"$175,000 ","$25,000 ","$200,000 ",,,$0 ,,,$0 ,,,$0 ,,,$0 ,,,$0 ,"$200,000 ",,,,,,,,,,,,,,,,,,,
0,,74558,Utility and Process Safety System Phase 2,,,,Stay in Business,Individual,,,,,,$0 ,"$2,000,000 ",,"$2,000,000 ",,,$0 ,,,$0 ,,,$0 ,,,$0 ,,,$0 ,"$2,000,000 ",,,,,,,,,,,,,,,,,,,,,,,$0 ,"$2,000,000 ",,"$2,000,000 ",,,$0 ,,,$0 ,,,$0 ,,,$0 ,"$2,000,000 ",,,$0 ,"$2,000,000 ",,"$2,000,000 ",,,$0 ,,,$0 ,,,$0 ,,,$0 ,,,$0 ,"$2,000,000 ",,,,,,,,,,,,,,,,,,,
0,FAC,96193,Column Packing Fall Hazard,,,,SHE and K-Directives,Global,,,,,,$0 ,,,$0 ,,,$0 ,,,$0 ,,,$0 ,,,$0 ,,,$0 ,$0 ,,,,,,,,,,,,,,,,,,,,,,,$0 ,"$300,000 ",,"$300,000 ",,,$0 ,,,$0 ,,,$0 ,,,$0 ,"$300,000 ",,,$0 ,,,$0 ,,,$0 ,,,$0 ,,,$0 ,,,$0 ,,,$0 ,$0 ,,,,,,,,,,,,,,,,,,,
0,FAC,96201,Storm Water BMP for upper lot,,,,Stay in Business,Global,,,,,,$0 ,"$200,000 ",,"$200,000 ",,,$0 ,,,$0 ,,,$0 ,,,$0 ,,,$0 ,"$200,000 ",,,,,,,,,,,,,,,,,,,,,,,$0 ,"$200,000 ",,"$200,000 ",,,$0 ,,,$0 ,,,$0 ,,,$0 ,"$200,000 ",,,$0 ,"$200,000 ",,"$200,000 ",,,$0 ,,,$0 ,,,$0 ,,,$0 ,,,$0 ,"$200,000 ",,,,,,,,,,,,,,,,,,,
0,,96204,322 MRO Racks,,,,SHE and K-Directives,Individual,,,,,,$0 ,,,$0 ,,,$0 ,,,$0 ,,,$0 ,,,$0 ,,,$0 ,$0 ,,,,,,,,,,,,,,,,,,,,,,,$0 ,"$500,000 ",,"$500,000 ",,,$0 ,,,$0 ,,,$0 ,,,$0 ,"$500,000 ",,,$0 ,,,$0 ,,,$0 ,,,$0 ,,,$0 ,,,$0 ,,,$0 ,$0 ,,,,,,,,,,,,,,,,,,,
1,FAC,96207,Weigh and Dispense Sink (CAPA1123109),,,,Stay in Business,Global,,,,"$180,000 ","$20,000 ","$200,000 ",,,$0 ,,,$0 ,,,$0 ,,,$0 ,,,$0 ,,,$0 ,"$200,000 ",,,,,,,,,,,,,,,,,,,,,"$25,000 ","$5,000 ","$30,000 ",,,$0 ,,,$0 ,,,$0 ,,,$0 ,,,$0 ,"$30,000 ","$150,000 ","$15,000 ","$165,000 ",,,$0 ,,,$0 ,,,$0 ,,,$0 ,,,$0 ,,,$0 ,"$165,000 ",,,,,,,,,,,,,,,,,,,
1,FAE,65082,RF Sealer Generator,,,,TBD,Global,,,,"$22,000 ",,"$22,000 ",,,$0 ,,,$0 ,,,$0 ,,,$0 ,,,$0 ,,,$0 ,"$22,000 ",,,,,,,,,,,,,,,,,,,,,"$17,250 ",,"$17,250 ",,,$0 ,,,$0 ,,,$0 ,,,$0 ,,,$0 ,"$17,250 ","$22,000 ",,"$22,000 ",,,$0 ,,,$0 ,,,$0 ,,,$0 ,,,$0 ,,,$0 ,"$22,000 ",,,,,,,,,,,,,,,,,,,
0,FAE,96209,Harvest Depth Filter Installation Tool,,,,,Global,,,,"$109,000 ",,"$109,000 ",,,$0 ,,,$0 ,,,$0 ,,,$0 ,,,$0 ,,,$0 ,"$109,000 ",,,,,,,,,,,,,,,,,,,,,,,,,,,,,,,,,,,,,,,,"$100,000 ",,"$100,000 ",,,$0 ,,,$0 ,,,$0 ,,,$0 ,,,$0 ,,,$0 ,"$100,000 ",,,,,,,,,,,,,,,,,,,
0,,74551,P2 User Furnished Equipment Procurement,,,,,Individual,,,,"$1,195,000 ","$134,000 ","$1,329,000 ","$590,000 ","$66,000 ","$656,000 ",,,$0 ,,,$0 ,,,$0 ,,,$0 ,,,$0 ,"$1,985,000 ",,,,,,,,,,,,,,,,,,,,,,,,,,,,,,,,,,,,,,,,"$1,195,000 ","$134,000 ","$1,329,000 ","$590,000 ","$66,000 ","$656,000 ",,,$0 ,,,$0 ,,,$0 ,,,$0 ,,,$0 ,"$1,985,000 ",,,,,,,,,,,,,,,,,,,
0,,74554,Replacement of Swedgelok Fitting of N2 Gas Piping of U-4000 Skid with Sanitary Fitting,,,,,Individual,,,,,,$0 ,"$500,000 ","$50,000 ","$550,000 ",,,$0 ,,,$0 ,,,$0 ,,,$0 ,,,$0 ,"$550,000 ",,,,,,,,,,,,,,,,,,,,,,,,,,,,,,,,,,,,,,,,,,$0 ,"$500,000 ","$50,000 ","$550,000 ",,,$0 ,,,$0 ,,,$0 ,,,$0 ,,,$0 ,"$550,000 ",,,,,,,,,,,,,,,,,,,
0,,74555,Replacement of Back Pressure Control Valve on Formulation Skid U-4000,,,,,Individual,,,,,,$0 ,"$500,000 ","$50,000 ","$550,000 ",,,$0 ,,,$0 ,,,$0 ,,,$0 ,,,$0 ,"$550,000 ",,,,,,,,,,,,,,,,,,,,,,,,,,,,,,,,,,,,,,,,,,$0 ,"$500,000 ","$50,000 ","$550,000 ",,,$0 ,,,$0 ,,,$0 ,,,$0 ,,,$0 ,"$550,000 ",,,,,,,,,,,,,,,,,,,
0,,74552,Replacement of Obsolete Benchtop Horiba pH Meter,,,,,Individual,,,,,,$0 ,"$1,000,000 ","$200,000 ","$1,200,000 ",,,$0 ,,,$0 ,,,$0 ,,,$0 ,,,$0 ,"$1,200,000 ",,,,,,,,,,,,,,,,,,,,,,,,,,,,,,,,,,,,,,,,,,$0 ,"$1,000,000 ","$200,000 ","$1,200,000 ",,,$0 ,,,$0 ,,,$0 ,,,$0 ,,,$0 ,"$1,200,000 ",,,,,,,,,,,,,,,,,,,
0,FAE,96215,20L Bioreactors and NovaFlex Analyzer,,,,,Global,,,,"$467,000 ",,"$467,000 ",,,$0 ,,,$0 ,,,$0 ,,,$0 ,,,$0 ,,,$0 ,"$467,000 ",,,,,,,,,,,,,,,,,,,,,,,,,,,,,,,,,,,,,,,,"$450,000 ",,"$450,000 ",,,$0 ,,,$0 ,,,$0 ,,,$0 ,,,$0 ,,,$0 ,"$450,000 ",,,,,,,,,,,,,,,,,,,
0,FAE,65094,Frit Storage Device,,,,,Global,,,,"$55,000 ",,"$55,000 ",,,$0 ,,,$0 ,,,$0 ,,,$0 ,,,$0 ,,,$0 ,"$55,000 ",,,,,,,,,,,,,,,,,,,,,,,,,,,,,,,,,,,,,,,,"$55,000 ",,"$55,000 ",,,$0 ,,,$0 ,,,$0 ,,,$0 ,,,$0 ,,,$0 ,"$55,000 ",,,,,,,,,,,,,,,,,,,
0,FAE,96217,Pallet Wrapper,,,,,Global,,,,"$49,000 ","$1,000 ","$50,000 ",,,$0 ,,,$0 ,,,$0 ,,,$0 ,,,$0 ,,,$0 ,"$50,000 ",,,,,,,,,,,,,,,,,,,,,,,,,,,,,,,,,,,,,,,,"$50,000 ",,"$50,000 ",,,$0 ,,,$0 ,,,$0 ,,,$0 ,,,$0 ,,,$0 ,"$50,000 ",,,,,,,,,,,,,,,,,,,
0,FAC,96218,Column Maintenance Platform Installation,,,,,Global,,,,"$75,000 ",,"$75,000 ","$100,000 ",,"$100,000 ",,,$0 ,,,$0 ,,,$0 ,,,$0 ,,,$0 ,"$175,000 ",,,,,,,,,,,,,,,,,,,,,,,,,,,,,,,,,,,,,,,,"$75,000 ",,"$75,000 ","$100,000 ",,"$100,000 ",,,$0 ,,,$0 ,,,$0 ,,,$0 ,,,$0 ,"$175,000 ",,,,,,,,,,,,,,,,,,,
0,,74557,Harvest Filter Housing A Removal/Installation Improvements,FXNL LT Appr,,Highly Capable Workforce,Improvements and Efficiencies,Individual,,,,,,$0 ,"$400,000 ","$100,000 ","$500,000 ",,,$0 ,,,$0 ,,,$0 ,,,$0 ,,,$0 ,"$500,000 ",,,,,,,,,,,,,,,,,,,,,,,,,,,,,,,,,,,,,,,,,,$0 ,"$400,000 ","$100,000 ","$500,000 ",,,$0 ,,,$0 ,,,$0 ,,,$0 ,,,$0 ,"$500,000 ",,,,,,,,,,,,,,,,,,,
0,FAC,96220,400L Mixing Vessel,,,,,Global,,,,"$320,000 ","$20,000 ","$340,000 ","$50,000 ","$12,000 ","$62,000 ",,,$0 ,,,$0 ,,,$0 ,,,$0 ,,,$0 ,"$402,000 ",,,,,,,,,,,,,,,,,,,,,,,,,,,,,,,,,,,,,,,,"$320,000 ","$20,000 ","$340,000 ","$50,000 ","$12,000 ","$62,000 ",,,$0 ,,,$0 ,,,$0 ,,,$0 ,,,$0 ,"$402,000 ",,,,,,,,,,,,,,,,,,,
0,,74553,Corrosive Chemical Compliance - CUB and Warehouse,FXNL LT Appr,,Reliability and Value,SHE and K-Directives,Individual,,,,,,$0 ,"$2,900,000 ",,"$2,900,000 ","$20,000 ",,"$20,000 ",,,$0 ,,,$0 ,,,$0 ,,,$0 ,"$2,920,000 ",,,,,,,,,,,,,,,,,,,,,,,,,,,,,,,,,,,,,,,,,,$0 ,"$2,900,000 ",,"$2,900,000 ","$20,000 ",,"$20,000 ",,,$0 ,,,$0 ,,,$0 ,,,$0 ,"$2,920,000 ",,,,,,,,,,,,,,,,,,,
0,,74556,Pressure Safety Program - Mechanical,FXNL LT Appr,,Highly Capable Workforce,SHE and K-Directives,Individual,,,,,,$0 ,"$2,000,000 ",,"$2,000,000 ",,,$0 ,,,$0 ,,,$0 ,,,$0 ,,,$0 ,"$2,000,000 ",,,,,,,,,,,,,,,,,,,,,,,,,,,,,,,,,,,,,,,,,,$0 ,"$2,000,000 ",,"$2,000,000 ",,,$0 ,,,$0 ,,,$0 ,,,$0 ,,,$0 ,"$2,000,000 ",,,,,,,,,,,,,,,,,,,
,,96224,Open Workspace Reconfiguration,,,,,Individual,,,,,,$0 ,"$1,800,000 ",,"$1,800,000 ",,,$0 ,,,$0 ,,,$0 ,,,$0 ,,,$0 ,"$1,800,000 ",,,,,,,,,,,,,,,,,,,,,,,,,,,,,,,,,,,,,,,,,,$0 ,"$1,800,000 ",,"$1,800,000 ",,,$0 ,,,,,,,,,$0 ,,,$0 ,"$1,800,000 ",,,,,,,,,,,,,,,,,,,
,,96223,Pressure Safety Program - Automation,,,,,Individual,,,,,,$0 ,,,$0 ,"$2,500,000 ",,"$2,500,000 ",,,$0 ,,,$0 ,,,$0 ,,,$0 ,"$2,500,000 ",,,,,,,,,,,,,,,,,,,,,,,,,,,,,,,,,,,,,,,,,,$0 ,,,$0 ,"$2,500,000 ",,"$2,500,000 ",,,,,,,,,$0 ,,,$0 ,"$2,500,000 ",,,,,,,,,,,,,,,,,,,
,,96225,MCS Network Infrastructure Asset Replacement - 2021,,,,,Individual,,,,,,$0 ,,,$0 ,,,$0 ,,,$0 ,,,$0 ,"$2,340,000 ",,"$2,340,000 ",,,$0 ,"$2,340,000 ",,,,,,,,,,,,,,,,,,,,,,,,,,,,,,,,,,,,,,,,,,$0 ,,,,,,$0 ,,,,,,,"$2,340,000 ",,"$2,340,000 ",,,$0 ,"$2,340,000 ",,,,,,,,,,,,,,,,,,,
,,96227,Conference Room 315 Expansion,,,,,Global,,,,"$276,000 ","$35,000 ","$311,000 ",,,$0 ,,,$0 ,,,$0 ,,,$0 ,,,$0 ,,,$0 ,"$311,000 ",,,,,,,,,,,,,,,,,,,,,,,,,,,,,,,,,,,,,,,,"$140,000 ","$10,000 ","$150,000 ",,,,,,,,,,,,,,,,,,,,,,,,,,,,,,,,,,,,,,
,,96228,Manufacturing Bullpen Room 1501 Reconfiguration,,,,,Global,,,,"$214,000 ","$5,000 ","$219,000 ",,,$0 ,,,$0 ,,,$0 ,,,$0 ,,,$0 ,,,$0 ,"$219,000 ",,,,,,,,,,,,,,,,,,,,,,,,,,,,,,,,,,,,,,,,"$150,000 ",,"$150,000 ",,,,,,,,,,,,,,,,,,,,,,,,,,,,,,,,,,,,,,
,,64994,Helium Sniffer Replacement,,,,,Global,,,,"$32,645 ",,"$32,645 ",,,$0 ,,,$0 ,,,$0 ,,,$0 ,,,$0 ,,,$0 ,"$32,645 ",,,,,,,,,,,,,,,,,,,,,,,,,,,,,,,,,,,,,,,,,,,,,,,,,,,,,,,,,,,,,,,,,,,,,,,,,,,,,,,,
,,96229,Avastin Restart,,,,,Individual,,,,,,$0 ,,,$0 ,,,$0 ,,,$0 ,,,$0 ,,,$0 ,,,$0 ,$0 ,,,,,,,,,,,,,,,,,,,,,,,,,,,,,,,,,,,,,,,,,,,,,,,,,,,,,,,,,,,,,,,,,,,,,,,,,,,,,,,,
,,96230,Replace the P1 Mettler Toledo pH/condo meter with S470 SevenExcellence,,,,,Individual,,,,,,$0 ,,,$0 ,,,$0 ,,,$0 ,,,$0 ,,,$0 ,,,$0 ,$0 ,,,,,,,,,,,,,,,,,,,,,,,,,,,,,,,,,,,,,,,,,,,,,,,,,,,,,,,,,,,,,,,,,,,,,,,,,,,,,,,,
0,,96226,Replacement of PV67 and Positioner in P1,Idea,,Fit for Purpose,Improvements and Efficiencies,Individual,,,,,,$0 ,,,$0 ,,,$0 ,,,$0 ,,,$0 ,,,$0 ,,,$0 ,$0 ,,,,,,,,,,,,,,,,,,,,,,,,,,,,,,,,,,,,,,,,,,,,,,,,$0 ,,,$0 ,,,$0 ,,,,,,,$0 ,,,,,,,,,,,,,,,,,,,
,,74280,Spare Hasstelloy Columns,,,,,,"$762,597 ","$1,602,842 ",,"$1,600 ",,"$1,600 ",,,$0 ,,,$0 ,,,$0 ,,,$0 ,,,$0 ,,,$0 ,"$2,367,039 ",,,,,,,,,,,,,,,,,,,,,,,,,,,,,,,,,,,,,,,,,,,,,,,,,,,,,,,,,,,,,,,,,,,,,,,,,,,,,,,,
,,96231,Manufacturing TV Installation and Upgrades,,,,,,,,,"$320,000 ",,"$320,000 ",,,$0 ,,,$0 ,,,$0 ,,,$0 ,,,$0 ,,,$0 ,"$320,000 ",,,,,,,,,,,,,,,,,,,,,,,,,,,,,,,,,,,,,,,,,,,,,,,,,,,,,,,,,,,,,,,,,,,,,,,,,,,,,,,,
,,,,,,,,,,,,,,,,,,,,,,,,,,,,,,,,,,,,,,,,,,,,,,,,,,,,,,,,,,,,,,,,,,,,,,,,,,,,,,,,,,,,,,,,,,,,,,,,,,,,,,,,,,,,,,,,,
,,,,,,,,,,,,,,,,,,,,,,,,,,,,,,,,,,,,,,,,,,,,,,,,,,,,,,,,,,,,,,,,,,,,,,,,,,,,,,,,,,,,,,,,,,,,,,,,,,,,,,,,,,,,,,,,,
,,,,,,,,,,,,,,,,,,,,,,,,,,,,,,,,,,,,,,,,,,,,,,,,,,,,,,,,,,,,,,,,,,,,,,,,,,,,,,,,,,,,,,,,,,,,,,,,,,,,,,,,,,,,,,,,,
,,,,,,,,,,,,,,,,,,,,,,,,,,,,,,,,,,,,,,,,,,,,,,,,,,,,,,,,,,,,,,,,,,,,,,,,,,,,,,,,,,,,,,,,,,,,,,,,,,,,,,,,,,,,,,,,,
,,,,,,,,,,,,,,,,,,,,,,,,,,,,,,,,,,,,,,,,,,,,,,,,,,,,,,,,,,,,,,,,,,,,,,,,,,,,,,,,,,,,,,,,,,,,,,,,,,,,,,,,,,,,,,,,,
,,,,,,,,,,,,,,,,,,,,,,,,,,,,,,,,,,,,,,,,,,,,,,,,,,,,,,,,,,,,,,,,,,,,,,,,,,,,,,,,,,,,,,,,,,,,,,,,,,,,,,,,,,,,,,,,,
,,,,,,,,,,,,,,,,,,,,,,,,,,,,,,,,,,,,,,,,,,,,,,,,,,,,,,,,,,,,,,,,,,,,,,,,,,,,,,,,,,,,,,,,,,,,,,,,,,,,,,,,,,,,,,,,,
,,,,,,,,,,,,,,,,,,,,,,,,,,,,,,,,,,,,,,,,,,,,,,,,,,,,,,,,,,,,,,,,,,,,,,,,,,,,,,,,,,,,,,,,,,,,,,,,,,,,,,,,,,,,,,,,,
,,,,,,,,,,,,,,,,,,,,,,,,,,,,,,,,,,,,,,,,,,,,,,,,,,,,,,,,,,,,,,,,,,,,,,,,,,,,,,,,,,,,,,,,,,,,,,,,,,,,,,,,,,,,,,,,,
,,,,,,,,,,,,,,,,,,,,,,,,,,,,,,,,,,,,,,,,,,,,,,,,,,,,,,,,,,,,,,,,,,,,,,,,,,,,,,,,,,,,,,,,,,,,,,,,,,,,,,,,,,,,,,,,,
,,,,,,,,,,,,,,,,,,,,,,,,,,,,,,,,,,,,,,,,,,,,,,,,,,,,,,,,,,,,,,,,,,,,,,,,,,,,,,,,,,,,,,,,,,,,,,,,,,,,,,,,,,,,,,,,,
,,,,,,,,,,,,,,,,,,,,,,,,,,,,,,,,,,,,,,,,,,,,,,,,,,,,,,,,,,,,,,,,,,,,,,,,,,,,,,,,,,,,,,,,,,,,,,,,,,,,,,,,,,,,,,,,,
,,,,,,,,,,,,,,,,,,,,,,,,,,,,,,,,,,,,,,,,,,,,,,,,,,,,,,,,,,,,,,,,,,,,,,,,,,,,,,,,,,,,,,,,,,,,,,,,,,,,,,,,,,,,,,,,,
,,,,,,,,,,,,,,,,,,,,,,,,,,,,,,,,,,,,,,,,,,,,,,,,,,,,,,,,,,,,,,,,,,,,,,,,,,,,,,,,,,,,,,,,,,,,,,,,,,,,,,,,,,,,,,,,,
,,,,,,,,,,,,,,,,,,,,,,,,,,,,,,,,,,,,,,,,,,,,,,,,,,,,,,,,,,,,,,,,,,,,,,,,,,,,,,,,,,,,,,,,,,,,,,,,,,,,,,,,,,,,,,,,,
,,,,,,,,,,,,,,,,,,,,,,,,,,,,,,,,,,,,,,,,,,,,,,,,,,,,,,,,,,,,,,,,,,,,,,,,,,,,,,,,,,,,,,,,,,,,,,,,,,,,,,,,,,,,,,,,,
,,,,,,,,,,,,,,,,,,,,,,,,,,,,,,,,,,,,,,,,,,,,,,,,,,,,,,,,,,,,,,,,,,,,,,,,,,,,,,,,,,,,,,,,,,,,,,,,,,,,,,,,,,,,,,,,,
,,,,,,,,,,,,,,,,,,,,,,,,,,,,,,,,,,,,,,,,,,,,,,,,,,,,,,,,,,,,,,,,,,,,,,,,,,,,,,,,,,,,,,,,,,,,,,,,,,,,,,,,,,,,,,,,,
,,,,,,,,,,,,,,,,,,,,,,,,,,,,,,,,,,,,,,,,,,,,,,,,,,,,,,,,,,,,,,,,,,,,,,,,,,,,,,,,,,,,,,,,,,,,,,,,,,,,,,,,,,,,,,,,,
,,,,,,,,,,,,,,,,,,,,,,,,,,,,,,,,,,,,,,,,,,,,,,,,,,,,,,,,,,,,,,,,,,,,,,,,,,,,,,,,,,,,,,,,,,,,,,,,,,,,,,,,,,,,,,,,,
,,,,,,,,,,,,,,,,,,,,,,,,,,,,,,,,,,,,,,,,,,,,,,,,,,,,,,,,,,,,,,,,,,,,,,,,,,,,,,,,,,,,,,,,,,,,,,,,,,,,,,,,,,,,,,,,,
,,,,,,,,,,,,,,,,,,,,,,,,,,,,,,,,,,,,,,,,,,,,,,,,,,,,,,,,,,,,,,,,,,,,,,,,,,,,,,,,,,,,,,,,,,,,,,,,,,,,,,,,,,,,,,,,,
,,,,,,,,,,,,,,,,,,,,,,,,,,,,,,,,,,,,,,,,,,,,,,,,,,,,,,,,,,,,,,,,,,,,,,,,,,,,,,,,,,,,,,,,,,,,,,,,,,,,,,,,,,,,,,,,,
,,,,,,,,,,,,,,,,,,,,,,,,,,,,,,,,,,,,,,,,,,,,,,,,,,,,,,,,,,,,,,,,,,,,,,,,,,,,,,,,,,,,,,,,,,,,,,,,,,,,,,,,,,,,,,,,,
,,,,,,,,,,,,,,,,,,,,,,,,,,,,,,,,,,,,,,,,,,,,,,,,,,,,,,,,,,,,,,,,,,,,,,,,,,,,,,,,,,,,,,,,,,,,,,,,,,,,,,,,,,,,,,,,,
,,,,,,,,,,,,,,,,,,,,,,,,,,,,,,,,,,,,,,,,,,,,,,,,,,,,,,,,,,,,,,,,,,,,,,,,,,,,,,,,,,,,,,,,,,,,,,,,,,,,,,,,,,,,,,,,,
,,,,,,,,,,,,,,,,,,,,,,,,,,,,,,,,,,,,,,,,,,,,,,,,,,,,,,,,,,,,,,,,,,,,,,,,,,,,,,,,,,,,,,,,,,,,,,,,,,,,,,,,,,,,,,,,,
,,,,,,,,,,,,,,,,,,,,,,,,,,,,,,,,,,,,,,,,,,,,,,,,,,,,,,,,,,,,,,,,,,,,,,,,,,,,,,,,,,,,,,,,,,,,,,,,,,,,,,,,,,,,,,,,,
,,,,,,,,,,,,,,,,,,,,,,,,,,,,,,,,,,,,,,,,,,,,,,,,,,,,,,,,,,,,,,,,,,,,,,,,,,,,,,,,,,,,,,,,,,,,,,,,,,,,,,,,,,,,,,,,,
0,FAC,96991,Asset Replacement  - Engineering (cc642),FXNL LT Appr,,Fit for Purpose,Stay in Business,Global,,,,"$987,350 ","$19,747 ","$1,007,097 ","$500,000 ","$5,000 ","$505,000 ",,,$0 ,,,$0 ,,,$0 ,,,$0 ,,,$0 ,"$1,512,097 ",,"$987,350 ","$19,747 ","$1,007,097 ",,,$0 ,,,$0 ,,,$0 ,,,$0 ,,,$0 ,"$1,007,097 ","$987,350 ","$19,747 ","$1,007,097 ",,,$0 ,,,$0 ,,,$0 ,,,$0 ,,,$0 ,"$1,007,097 ","$987,350 ","$19,747 ","$1,007,097 ","$500,000 ","$5,000 ","$505,000 ",,,$0 ,,,$0 ,,,$0 ,,,$0 ,,,$0 ,"$1,512,097 ",,,,,,,,,,,,,,,,,,,
0,FAC,96992,Asset Replacement  - Material Ops (cc484),FXNL LT Appr,,Fit for Purpose,Stay in Business,Global,,,,"$124,000 ","$2,480 ","$126,480 ","$1,167,829 ","$10,000 ","$1,177,829 ",,,$0 ,,,$0 ,,,$0 ,,,$0 ,,,$0 ,"$1,304,309 ",,"$124,000 ","$2,480 ","$126,480 ",,,$0 ,,,$0 ,,,$0 ,,,$0 ,,,$0 ,"$126,480 ","$124,000 ","$2,480 ","$126,480 ",,,$0 ,,,$0 ,,,$0 ,,,$0 ,,,$0 ,"$126,480 ","$124,000 ","$2,480 ","$126,480 ","$1,167,829 ","$10,000 ","$1,177,829 ",,,$0 ,,,$0 ,,,$0 ,,,$0 ,,,$0 ,"$1,304,309 ",,,,,,,,,,,,,,,,,,,
0,FAC,96993,Asset Replacement  - Manufacturing (cc1359),FXNL LT Appr,,Fit for Purpose,Stay in Business,Global,,,,"$50,375 ",,"$50,375 ","$365,000 ",,"$365,000 ",,,$0 ,,,$0 ,,,$0 ,,,$0 ,,,$0 ,"$415,375 ",,"$50,375 ",,"$50,375 ",,,$0 ,,,$0 ,,,$0 ,,,$0 ,,,$0 ,"$50,375 ","$50,375 ",,"$50,375 ",,,$0 ,,,$0 ,,,$0 ,,,$0 ,,,$0 ,"$50,375 ","$50,375 ",,"$50,375 ","$365,000 ",,"$365,000 ",,,$0 ,,,$0 ,,,$0 ,,,$0 ,,,$0 ,"$415,375 ",,,,,,,,,,,,,,,,,,,
0,FAC,96994,Asset Replacement  - Manufacturing (cc659),FXNL LT Appr,,Fit for Purpose,Stay in Business,Global,,,,"$263,008 ","$5,260 ","$268,268 ","$157,778 ",,"$157,778 ",,,$0 ,,,$0 ,,,$0 ,,,$0 ,,,$0 ,"$426,046 ",,"$263,008 ","$5,260 ","$268,268 ",,,$0 ,,,$0 ,,,$0 ,,,$0 ,,,$0 ,"$268,268 ","$263,008 ","$5,260 ","$268,268 ",,,$0 ,,,$0 ,,,$0 ,,,$0 ,,,$0 ,"$268,268 ","$263,008 ","$5,260 ","$268,268 ","$157,778 ",,"$157,778 ",,,$0 ,,,$0 ,,,$0 ,,,$0 ,,,$0 ,"$426,046 ",,,,,,,,,,,,,,,,,,,
0,FAE,96995,Asset Replacement  - Quality (cc583),FXNL LT Appr,,Fit for Purpose,Stay in Business,Global,,,,"$407,893 ",,"$407,893 ","$722,929 ",,"$722,929 ",,,$0 ,,,$0 ,,,$0 ,,,$0 ,,,$0 ,"$1,130,822 ",,"$407,893 ",,"$407,893 ",,,$0 ,,,$0 ,,,$0 ,,,$0 ,,,$0 ,"$668,893 ","$407,893 ",,"$407,893 ",,,$0 ,,,$0 ,,,$0 ,,,$0 ,,,$0 ,"$407,893 ","$407,893 ",,"$407,893 ","$722,929 ",,"$722,929 ",,,$0 ,,,$0 ,,,$0 ,,,$0 ,,,$0 ,"$1,130,822 ",,,,,,,,,,,,,,,,,,,
0,FAE,96997,Asset Replacement  - Maintenance (cc1236),FXNL LT Appr,,Fit for Purpose,Stay in Business,Global,,,,"$31,233 ",,"$31,233 ","$56,049 ",,"$56,049 ",,,$0 ,,,$0 ,,,$0 ,,,$0 ,,,$0 ,"$87,282 ",,"$31,233 ",,"$31,233 ",,,$0 ,,,$0 ,,,$0 ,,,$0 ,,,$0 ,"$31,233 ","$31,233 ",,"$31,233 ",,,$0 ,,,$0 ,,,$0 ,,,$0 ,,,$0 ,"$31,233 ","$31,233 ",,"$31,233 ","$56,049 ",,"$56,049 ",,,$0 ,,,$0 ,,,$0 ,,,$0 ,,,$0 ,"$87,282 ",,,,,,,,,,,,,,,,,,,
0,FAE,96998,Asset Replacement  - Sci&Eng (cc1198),FXNL LT Appr,,Fit for Purpose,Stay in Business,Global,,,,,,$0 ,"$201,901 ",,"$201,901 ",,,$0 ,,,$0 ,,,$0 ,,,$0 ,,,$0 ,"$201,901 ",,,,$0 ,,,$0 ,,,$0 ,,,$0 ,,,$0 ,,,$0 ,$0 ,,,$0 ,,,$0 ,,,$0 ,,,$0 ,,,$0 ,,,$0 ,$0 ,,,$0 ,"$201,901 ",,"$201,901 ",,,$0 ,,,$0 ,,,$0 ,,,$0 ,,,$0 ,"$201,901 ",,,,,,,,,,,,,,,,,,,
0,,96999,Site Management Adjustments (if any),,,,0,Individual,"($3,847,202)","($10,661,762)",,,,$0 ,,,$0 ,,,$0 ,,,$0 ,,,$0 ,,,$0 ,,,$0 ,"($14,508,965)",,"($8,348,298)","$235,000 ","($8,113,298)",,,$0 ,,,$0 ,,,$0 ,,,$0 ,,,$0 ,"($22,622,263)","($1,487,180)","($197,487)","($1,684,667)",,,$0 ,,,$0 ,,,$0 ,,,$0 ,,,$0 ,"($16,193,631)",,,$0 ,,,$0 ,,,$0 ,,,$0 ,,,$0 ,,,$0 ,,,$0 ,"($14,508,965)",,,,,,,,,,,,,,,,,,,
0,,T,TOTAL,,,,,,"$26,095,059 ",,,"$152,805,795 ","$2,600,565 ","$155,406,360 ","$143,497,591 ","$2,455,029 ","$145,952,620 ","$99,512,514 ","$18,432,259 ","$117,944,773 ","$40,358,182 ","$1,690,487 ","$42,048,669 ","$67,276,004 ","$6,610,943 ","$73,886,948 ","$39,486,517 ","$6,336,702 ","$45,823,219 ","$7,176,260 ","$50,258 ","$7,226,518 ","$614,384,165 ",,"$175,557,472 ","$3,085,553 ","$178,643,025 ","$140,163,999 ","$4,703,931 ","$144,867,930 ","$53,262,160 ","$1,460,980 ","$54,723,140 ","$31,735,200 ","$161,920 ","$31,897,120 ","$27,970,640 ","$97,520 ","$28,068,160 ",,,,"$516,038,841 ","$157,460,138 ","$3,639,273 ","$161,099,411 ","$149,174,690 ","$2,607,146 ","$151,781,836 ","$120,838,964 ","$1,527,068 ","$122,366,031 ","$31,492,884 ","$973,000 ","$32,465,884 ","$69,129,949 ","$340,960 ","$69,470,909 ","$35,338,117 ","$265,540 ","$35,603,657 ","$568,987,493 ","$152,004,550 ","$2,564,565 ","$154,569,115 ","$143,633,591 ","$2,340,029 ","$145,973,620 ","$99,512,514 ","$18,432,259 ","$117,944,773 ","$40,358,182 ","$1,690,487 ","$42,048,669 ","$67,276,004 ","$6,610,943 ","$73,886,948 ","$39,486,517 ","$6,336,702 ","$45,823,219 ","$7,176,260 ","$50,258 ","$7,226,518 ","$612,805,324 ",,,,,,,,,,,,,,,,,,,
0,,,,,,,,,,,,,,,,,,,,,,,,,,,,,,,,,$k,,,,,,,,,,,,,,,,,,,,,,,,,,,,,,,,,,,,,,,,,,,,,,,,,,,,,,,,,,,,,$k,,,,,,,,,,,,,,,,,,,
1,Expense,82000,I&C Engineering and Instrument Configuration Management System Remediation Project (CAPA 982343),CA Routing,Scott Fields,Reliability and Value,Stay in Business,Expense,,"$70,227 ",,,"$949,000 ","$949,000 ",,"$501,000 ","$501,000 ",,,$0 ,,,$0 ,,,$0 ,,,$0 ,,,$0 ,"$1,520,227 ",,,"$1,180,000 ","$1,180,000 ",,,$0 ,,,$0 ,,,$0 ,,,$0 ,,,$0 ,"$1,220,000 ",,"$933,708 ","$933,708 ",,"$781,722 ","$781,722 ",,,$0 ,,,$0 ,,,$0 ,,,$0 ,"$1,785,657 ",,"$949,000 ","$949,000 ",,"$501,000 ","$501,000 ",,,$0 ,,,$0 ,,,$0 ,,,$0 ,,,$0 ,"$1,520,227 ",,,,,,,,,,,,,,,,,,,
1,Expense,97003,MFG Systems Integration Improvement Phase 1 - 2015,Execute 1,Scott Fields,Reliability and Value,Improvements and Efficiencies,Expense,,,,,"$292,227 ","$292,227 ",,"$135,000 ","$135,000 ",,,$0 ,,,$0 ,,,$0 ,,,$0 ,,,$0 ,"$427,227 ",,,"$443,000 ","$443,000 ",,,$0 ,,,$0 ,,,$0 ,,,$0 ,,,$0 ,"$458,000 ",,"$443,000 ","$443,000 ",,,$0 ,,,$0 ,,,$0 ,,,$0 ,,,$0 ,"$443,000 ",,"$292,227 ","$292,227 ",,"$135,000 ","$135,000 ",,,$0 ,,,$0 ,,,$0 ,,,$0 ,,,$0 ,"$427,227 ",,,,,,,,,,,,,,,,,,,
0,Expense,97005,MCS Peripheral Asset Replacement - 2018,FXNL LT Appr,Zaymar Sedra,Fit for Purpose,Stay in Business,Expense,,,,,,$0 ,,,$0 ,,"$312,000 ","$312,000 ",,,$0 ,,,$0 ,,,$0 ,,,$0 ,"$312,000 ",,,,$0 ,,"$312,000 ","$312,000 ",,,$0 ,,,$0 ,,,$0 ,,,$0 ,"$312,000 ",,,$0 ,,"$312,000 ","$312,000 ",,,$0 ,,,$0 ,,,$0 ,,,$0 ,"$312,000 ",,,$0 ,,,$0 ,,"$312,000 ","$312,000 ",,,$0 ,,,$0 ,,,$0 ,,,$0 ,"$312,000 ",,,,,,,,,,,,,,,,,,,
0,Expense,97006,MCS Peripheral Asset Replacement - 2020,FXNL LT Appr,Zaymar Sedra,Fit for Purpose,Stay in Business,Expense,,,,,,$0 ,,,$0 ,,,$0 ,,,$0 ,,"$332,000 ","$332,000 ",,,$0 ,,,$0 ,"$332,000 ",,,,$0 ,,,$0 ,,,$0 ,,"$332,000 ","$332,000 ",,,$0 ,,,$0 ,"$332,000 ",,,$0 ,,,$0 ,,,$0 ,,"$332,000 ","$332,000 ",,,$0 ,,,$0 ,"$332,000 ",,,$0 ,,,$0 ,,,$0 ,,,$0 ,,"$332,000 ","$332,000 ",,,$0 ,,,$0 ,"$332,000 ",,,,,,,,,,,,,,,,,,,
0,Expense,97063,MCS Peripheral Asset Replacement - 2022,FXNL LT Appr,Zaymar Sedra,Fit for Purpose,Stay in Business,Expense,,,,,,$0 ,,,$0 ,,,$0 ,,,$0 ,,,$0 ,,,$0 ,,"$351,000 ","$351,000 ","$351,000 ",,,,,,,,,,,,,,,,,,,,,,,$0 ,,,$0 ,,,$0 ,,,$0 ,,,$0 ,"$351,000 ",,"$351,000 ","$351,000 ",,,$0 ,,,$0 ,,,$0 ,,,$0 ,,,$0 ,,,$0 ,,"$351,000 ","$351,000 ","$351,000 ",,,,,,,,,,,,,,,,,,,
1,Expense,97007,Automation System Lifecycle MCS Upgrade,Execute,Scott Fields,Reliability and Value,Improvements and Efficiencies,Expense,,,,,"$295,781 ","$295,781 ",,,$0 ,,,$0 ,,,$0 ,,,$0 ,,,$0 ,,,$0 ,"$295,781 ",,,"$270,000 ","$270,000 ",,,$0 ,,,$0 ,,,$0 ,,,$0 ,,,$0 ,"$270,000 ",,"$295,169 ","$295,169 ",,,$0 ,,,$0 ,,,$0 ,,,$0 ,,,$0 ,"$295,169 ",,"$295,781 ","$295,781 ",,,$0 ,,,$0 ,,,$0 ,,,$0 ,,,$0 ,,,$0 ,"$295,781 ",,,,,,,,,,,,,,,,,,,
0,Expense,97008,PCS Asset Replacement - 2018,FXNL LT Appr,Zaymar Sedra,Fit for Purpose,Stay in Business,Expense,,,,,,$0 ,,,$0 ,,"$487,500 ","$487,500 ",,"$487,500 ","$487,500 ",,,$0 ,,,$0 ,,,$0 ,"$975,000 ",,,,$0 ,,,$0 ,,,$0 ,,"$975,000 ","$975,000 ",,"$975,000 ","$975,000 ",,,$0 ,"$1,950,000 ",,,$0 ,,,$0 ,,"$487,500 ","$487,500 ",,"$487,500 ","$487,500 ",,,$0 ,,,$0 ,"$975,000 ",,,$0 ,,,$0 ,,"$487,500 ","$487,500 ",,"$487,500 ","$487,500 ",,,$0 ,,,$0 ,,,$0 ,"$975,000 ",,,,,,,,,,,,,,,,,,,
0,Expense,97064,PCS Asset Replacement - 2021,FXNL LT Appr,Zaymar Sedra,Fit for Purpose,Stay in Business,Expense,,,,,,$0 ,,,$0 ,,,$0 ,,,$0 ,,,$0 ,,"$463,000 ","$463,000 ",,,$0 ,"$463,000 ",,,,,,,,,,,,,,,,,,,,,,,$0 ,,,$0 ,,,$0 ,,,$0 ,,,$0 ,,"$463,000 ","$463,000 ","$463,000 ",,,$0 ,,,$0 ,,,$0 ,,,$0 ,,,$0 ,,"$463,000 ","$463,000 ",,,$0 ,"$463,000 ",,,,,,,,,,,,,,,,,,,
0,Expense,97009,MES Asset Replacement - 2017,Idea,Zaymar Sedra,Fit for Purpose,Stay in Business,Expense,,,,,,$0 ,,"$200,000 ","$200,000 ",,"$575,000 ","$575,000 ",,,$0 ,,,$0 ,,,$0 ,,,$0 ,"$775,000 ",,,,$0 ,,"$500,000 ","$500,000 ",,"$1,126,000 ","$1,126,000 ",,,$0 ,,,$0 ,,,$0 ,"$1,626,000 ",,,$0 ,,"$400,000 ","$400,000 ",,"$575,000 ","$575,000 ",,,$0 ,,,$0 ,,,$0 ,"$975,000 ",,,$0 ,,"$200,000 ","$200,000 ",,"$575,000 ","$575,000 ",,,$0 ,,,$0 ,,,$0 ,,,$0 ,"$775,000 ",,,,,,,,,,,,,,,,,,,
0,Expense,97010,MES Asset Replacement - 2020,FXNL LT Appr,Zaymar Sedra,Fit for Purpose,Stay in Business,Expense,,,,,,$0 ,,,$0 ,,,$0 ,,,$0 ,,"$500,000 ","$500,000 ",,"$525,000 ","$525,000 ",,,$0 ,"$1,025,000 ",,,,$0 ,,,$0 ,,,$0 ,,"$926,000 ","$926,000 ",,"$926,000 ","$926,000 ",,,$0 ,"$1,852,000 ",,,$0 ,,,$0 ,,,$0 ,,,$0 ,,"$500,000 ","$500,000 ",,"$525,000 ","$525,000 ","$1,025,000 ",,,$0 ,,,$0 ,,,$0 ,,,$0 ,,"$500,000 ","$500,000 ",,"$525,000 ","$525,000 ",,,$0 ,"$1,025,000 ",,,,,,,,,,,,,,,,,,,
0,Expense,97012,Site Data Historian Asset Replacement - 2017,FXNL LT Appr,Zaymar Sedra,Fit for Purpose,Stay in Business,Expense,,,,,,$0 ,,"$250,000 ","$250,000 ",,,$0 ,,,$0 ,,,$0 ,,,$0 ,,,$0 ,"$250,000 ",,,,$0 ,,"$366,000 ","$366,000 ",,,$0 ,,,$0 ,,,$0 ,,,$0 ,"$366,000 ",,,$0 ,,"$366,000 ","$366,000 ",,,$0 ,,,$0 ,,,$0 ,,,$0 ,"$366,000 ",,,$0 ,,"$250,000 ","$250,000 ",,,$0 ,,,$0 ,,,$0 ,,,$0 ,,,$0 ,"$250,000 ",,,,,,,,,,,,,,,,,,,
0,Expense,97013,Site Data Historian Asset Replacement - 2019,FXNL LT Appr,Zaymar Sedra,Fit for Purpose,Stay in Business,Expense,,,,,,$0 ,,,$0 ,,,$0 ,,"$488,000 ","$488,000 ",,,$0 ,,,$0 ,,,$0 ,"$488,000 ",,,,$0 ,,,$0 ,,,$0 ,,"$488,000 ","$488,000 ",,,$0 ,,,$0 ,"$488,000 ",,,$0 ,,,$0 ,,,$0 ,,"$488,000 ","$488,000 ",,,$0 ,,,$0 ,"$488,000 ",,,$0 ,,,$0 ,,,$0 ,,"$488,000 ","$488,000 ",,,$0 ,,,$0 ,,,$0 ,"$488,000 ",,,,,,,,,,,,,,,,,,,
0,Expense,97065,Site Data Historian Asset Replacement - 2021,FXNL LT Appr,Zaymar Sedra,Fit for Purpose,Stay in Business,Expense,,,,,,$0 ,,,$0 ,,,$0 ,,,$0 ,,,$0 ,,"$488,000 ","$488,000 ",,,$0 ,"$488,000 ",,,,,,,,,,,,,,,,,,,,,,,$0 ,,,$0 ,,,$0 ,,,$0 ,,,$0 ,,"$488,000 ","$488,000 ","$488,000 ",,,$0 ,,,$0 ,,,$0 ,,,$0 ,,,$0 ,,"$488,000 ","$488,000 ",,,$0 ,"$488,000 ",,,,,,,,,,,,,,,,,,,
0,Expense,97015,MCS Backup System Asset Replacement - 2017,FXNL LT Appr,Zaymar Sedra,Fit for Purpose,Stay in Business,Expense,,,,,,$0 ,,"$390,000 ","$390,000 ",,,$0 ,,,$0 ,,,$0 ,,,$0 ,,,$0 ,"$390,000 ",,,,$0 ,,"$390,000 ","$390,000 ",,,$0 ,,,$0 ,,,$0 ,,,$0 ,"$390,000 ",,,$0 ,,"$390,000 ","$390,000 ",,,$0 ,,,$0 ,,,$0 ,,,$0 ,"$390,000 ",,,$0 ,,"$390,000 ","$390,000 ",,,$0 ,,,$0 ,,,$0 ,,,$0 ,,,$0 ,"$390,000 ",,,,,,,,,,,,,,,,,,,
0,Expense,97016,MCS Backup System Asset Replacement - 2020,FXNL LT Appr,Zaymar Sedra,Fit for Purpose,Stay in Business,Expense,,,,,,$0 ,,,$0 ,,,$0 ,,,$0 ,,"$439,000 ","$439,000 ",,,$0 ,,,$0 ,"$439,000 ",,,,$0 ,,,$0 ,,,$0 ,,,$0 ,,"$439,000 ","$439,000 ",,,$0 ,"$439,000 ",,,$0 ,,,$0 ,,,$0 ,,,$0 ,,"$439,000 ","$439,000 ",,,$0 ,"$439,000 ",,,$0 ,,,$0 ,,,$0 ,,,$0 ,,"$439,000 ","$439,000 ",,,$0 ,,,$0 ,"$439,000 ",,,,,,,,,,,,,,,,,,,
0,Expense,97018,PDFx Lab and Pilot Plant DeltaV Asset Replacement - 2017,FXNL LT Appr,Zaymar Sedra,Fit for Purpose,Stay in Business,Expense,,,,,,$0 ,,,$0 ,,"$488,000 ","$488,000 ",,,$0 ,,,$0 ,,,$0 ,,,$0 ,"$488,000 ",,,,$0 ,,"$488,000 ","$488,000 ",,,$0 ,,,$0 ,,,$0 ,,,$0 ,"$488,000 ",,,$0 ,,,$0 ,,"$488,000 ","$488,000 ",,,$0 ,,,$0 ,,,$0 ,"$488,000 ",,,$0 ,,,$0 ,,"$488,000 ","$488,000 ",,,$0 ,,,$0 ,,,$0 ,,,$0 ,"$488,000 ",,,,,,,,,,,,,,,,,,,
0,Expense,97019,PDFx Lab and Pilot Plant DeltaV Asset Replacement - 2020,FXNL LT Appr,Zaymar Sedra,Fit for Purpose,Stay in Business,Expense,,,,,,$0 ,,,$0 ,,,$0 ,,,$0 ,,"$488,000 ","$488,000 ",,,$0 ,,,$0 ,"$488,000 ",,,,$0 ,,,$0 ,,,$0 ,,,$0 ,,"$488,000 ","$488,000 ",,,$0 ,"$488,000 ",,,$0 ,,,$0 ,,,$0 ,,,$0 ,,"$488,000 ","$488,000 ",,,$0 ,"$488,000 ",,,$0 ,,,$0 ,,,$0 ,,,$0 ,,"$488,000 ","$488,000 ",,,$0 ,,,$0 ,"$488,000 ",,,,,,,,,,,,,,,,,,,
0,Expense,97030,MFG Systems Integration Improvement Phase 3 - 2017,Canceled,N/A,N/A,Improvements and Efficiencies,Expense,,,,,,$0 ,,,$0 ,,,$0 ,,,$0 ,,,$0 ,,,$0 ,,,$0 ,$0 ,,,,$0 ,,"$1,625,000 ","$1,625,000 ",,,$0 ,,,$0 ,,,$0 ,,,$0 ,"$1,625,000 ",,,$0 ,,"$1,625,000 ","$1,625,000 ",,,$0 ,,,$0 ,,,$0 ,,,$0 ,"$1,625,000 ",,,$0 ,,,$0 ,,,$0 ,,,$0 ,,,$0 ,,,$0 ,,,$0 ,$0 ,,,,,,,,,,,,,,,,,,,
0,Expense,97031,MCS Data Analytics Asset Replacement - 2017,Idea,Zaymar Sedra,Fit for Purpose,Stay in Business,Expense,,,,,,$0 ,,"$325,000 ","$325,000 ",,,$0 ,,,$0 ,,,$0 ,,,$0 ,,,$0 ,"$325,000 ",,,,$0 ,,"$325,000 ","$325,000 ",,,$0 ,,,$0 ,,,$0 ,,,$0 ,"$325,000 ",,,$0 ,,"$325,000 ","$325,000 ",,,$0 ,,,$0 ,,,$0 ,,,$0 ,"$325,000 ",,,$0 ,,"$325,000 ","$325,000 ",,,$0 ,,,$0 ,,,$0 ,,,$0 ,,,$0 ,"$325,000 ",,,,,,,,,,,,,,,,,,,
0,Expense,97032,MCS Data Analytics Asset Replacement - 2020,Idea,TBD,TBD,Stay in Business,Expense,,,,,,$0 ,,,$0 ,,,$0 ,,,$0 ,,"$360,000 ","$360,000 ",,,$0 ,,,$0 ,"$360,000 ",,,,$0 ,,,$0 ,,,$0 ,,,$0 ,,"$360,000 ","$360,000 ",,,$0 ,"$360,000 ",,,$0 ,,,$0 ,,,$0 ,,,$0 ,,"$360,000 ","$360,000 ",,,$0 ,"$360,000 ",,,$0 ,,,$0 ,,,$0 ,,,$0 ,,"$360,000 ","$360,000 ",,,$0 ,,,$0 ,"$360,000 ",,,,,,,,,,,,,,,,,,,
0,Expense,97033,PCS Automated Documentation Asset Replacement,Idea,TBD,TBD,New Technologies,Expense,,,,,,$0 ,,,$0 ,,"$325,000 ","$325,000 ",,,$0 ,,,$0 ,,,$0 ,,,$0 ,"$325,000 ",,,,$0 ,,,$0 ,,"$325,000 ","$325,000 ",,,$0 ,,,$0 ,,,$0 ,"$325,000 ",,,$0 ,,,$0 ,,"$325,000 ","$325,000 ",,,$0 ,,,$0 ,,,$0 ,"$325,000 ",,,$0 ,,,$0 ,,"$325,000 ","$325,000 ",,,$0 ,,,$0 ,,,$0 ,,,$0 ,"$325,000 ",,,,,,,,,,,,,,,,,,,
0,Expense,97066,PCS Automated Documentation Asset Replacement - 2021,Idea,TBD,TBD,New Technologies,Expense,,,,,,$0 ,,,$0 ,,,$0 ,,,$0 ,,,$0 ,,"$360,000 ","$360,000 ",,,$0 ,"$360,000 ",,,,,,,,,,,,,,,,,,,,,,,$0 ,,,$0 ,,,$0 ,,,$0 ,,,$0 ,,"$360,000 ","$360,000 ","$360,000 ",,,$0 ,,,$0 ,,,$0 ,,,$0 ,,,$0 ,,"$360,000 ","$360,000 ",,,$0 ,"$360,000 ",,,,,,,,,,,,,,,,,,,
0,Expense,97037,Recipe Reconfiguration Alignment for Operating Systems,FXNL LT Appr,Jim Neeleman,Launch and Commercial Excellence,Improvements and Efficiencies,Expense,,,,,,$0 ,,"$250,000 ","$250,000 ",,"$1,500,000 ","$1,500,000 ",,"$1,750,000 ","$1,750,000 ",,,$0 ,,,$0 ,,,$0 ,"$3,500,000 ",,,,$0 ,,"$3,750,000 ","$3,750,000 ",,,$0 ,,,$0 ,,,$0 ,,,$0 ,"$3,750,000 ",,,$0 ,,"$3,750,000 ","$3,750,000 ",,,$0 ,,,$0 ,,,$0 ,,,$0 ,"$3,750,000 ",,,$0 ,,"$250,000 ","$250,000 ",,"$1,500,000 ","$1,500,000 ",,"$1,750,000 ","$1,750,000 ",,,$0 ,,,$0 ,,,$0 ,"$3,500,000 ",,,,,,,,,,,,,,,,,,,
0,Expense,97038,PCS Functional Specification Development Project (CAPA 960297),FXNL LT Appr,Scott Fields,Reliability and Value,Strategic,Expense,,,,,$0 ,$0 ,,"$500,000 ","$500,000 ",,"$2,250,000 ","$2,250,000 ",,"$2,250,000 ","$2,250,000 ",,"$3,000,000 ","$3,000,000 ",,,$0 ,,,$0 ,"$8,000,000 ",,,"$1,000,000 ","$1,000,000 ",,"$3,750,000 ","$3,750,000 ",,"$3,250,000 ","$3,250,000 ",,,$0 ,,,$0 ,,,$0 ,"$8,000,000 ",,$0 ,$0 ,,"$4,750,000 ","$4,750,000 ",,"$3,250,000 ","$3,250,000 ",,,$0 ,,,$0 ,,,$0 ,"$8,000,000 ",,$0 ,$0 ,,"$500,000 ","$500,000 ",,"$2,250,000 ","$2,250,000 ",,"$2,250,000 ","$2,250,000 ",,"$3,000,000 ","$3,000,000 ",,,$0 ,,,$0 ,"$8,000,000 ",,,,,,,,,,,,,,,,,,,
0,Expense,97039,PCS Remediation for EBR Review by Exception - PI,Idea,Melanie Yevilov,Highly Capable Workforce,Improvements and Efficiencies,Expense,,,,,,$0 ,,"$250,000 ","$250,000 ",,"$2,250,000 ","$2,250,000 ",,"$3,375,000 ","$3,375,000 ",,,$0 ,,,$0 ,,,$0 ,"$5,875,000 ",,,"$250,000 ","$250,000 ",,"$2,250,000 ","$2,250,000 ",,"$3,375,000 ","$3,375,000 ",,,$0 ,,,$0 ,,,$0 ,"$5,875,000 ",,,$0 ,,"$250,000 ","$250,000 ",,"$2,250,000 ","$2,250,000 ",,"$3,375,000 ","$3,375,000 ",,,$0 ,,,$0 ,"$5,875,000 ",,,$0 ,,"$250,000 ","$250,000 ",,"$2,250,000 ","$2,250,000 ",,"$3,375,000 ","$3,375,000 ",,,$0 ,,,$0 ,,,$0 ,"$5,875,000 ",,,,,,,,,,,,,,,,,,,
0,Expense,97040,Tech Transfer: Master Data Management,FXNL LT Appr,Jim Neeleman,Launch and Commercial Excellence,Tech Transfers,Expense,,,,,$0 ,$0 ,,$0 ,$0 ,,,$0 ,,,$0 ,,,$0 ,,,$0 ,,,$0 ,$0 ,,,"$250,000 ","$250,000 ",,"$305,750 ","$305,750 ",,,$0 ,,,$0 ,,,$0 ,,,$0 ,"$555,750 ",,$0 ,$0 ,,,$0 ,,,$0 ,,,$0 ,,,$0 ,,,$0 ,$0 ,,$0 ,$0 ,,$0 ,$0 ,,,$0 ,,,$0 ,,,$0 ,,,$0 ,,,$0 ,$0 ,,,,,,,,,,,,,,,,,,,
1,Expense,97042,"CRB, travel, ofc supplies, others ",Execute,Scott Fields,Reliability and Value,Improvements and Efficiencies,Expense,,,,,"$317,400 ","$317,400 ",,"$317,400 ","$317,400 ",,,$0 ,,,$0 ,,,$0 ,,,$0 ,,,$0 ,"$634,800 ",,,"$360,000 ","$360,000 ",,,$0 ,,,$0 ,,,$0 ,,,$0 ,,,$0 ,"$720,000 ",,"$250,400 ","$250,400 ",,,$0 ,,,$0 ,,,$0 ,,,$0 ,,,$0 ,"$250,400 ",,"$317,400 ","$317,400 ",,"$317,400 ","$317,400 ",,,$0 ,,,$0 ,,,$0 ,,,$0 ,,,$0 ,"$634,800 ",,,,,,,,,,,,,,,,,,,
0,Expense,97045,Site Exterior Lighting Upgrade - Title 24,FXNL LT Appr,Scott Fields,Reliability and Value,SHE and K-Directives,Expense,,,,,"$100,000 ","$100,000 ",,"$100,000 ","$100,000 ",,,$0 ,,,$0 ,,,$0 ,,,$0 ,,,$0 ,"$200,000 ",,,"$200,000 ","$200,000 ",,,$0 ,,,$0 ,,,$0 ,,,$0 ,,,$0 ,"$200,000 ",,"$100,000 ","$100,000 ",,"$100,000 ","$100,000 ",,,$0 ,,,$0 ,,,$0 ,,,$0 ,"$200,000 ",,"$100,000 ","$100,000 ",,"$100,000 ","$100,000 ",,,$0 ,,,$0 ,,,$0 ,,,$0 ,,,$0 ,"$200,000 ",,,,,,,,,,,,,,,,,,,
0,Expense,97046,Hazardous Waste Storage Bunker,Execute,Zaymar Sedra,Fit for Purpose,SHE and K-Directives,Expense,,,,,,$0 ,,,$0 ,,,$0 ,,,$0 ,,,$0 ,,,$0 ,,,$0 ,$0 ,,,,$0 ,,,$0 ,,,$0 ,,,$0 ,,,$0 ,,,$0 ,"$157,000 ",,,$0 ,,,$0 ,,,$0 ,,,$0 ,,,$0 ,,,$0 ,$0 ,,,$0 ,,,$0 ,,,$0 ,,,$0 ,,,$0 ,,,$0 ,,,$0 ,$0 ,,,,,,,,,,,,,,,,,,,
0,Expense,97047,Flammable Storage Cabinets Upgrade,Execute,Zaymar Sedra,Fit for Purpose,SHE and K-Directives,Expense,,,,,,$0 ,,,$0 ,,,$0 ,,,$0 ,,,$0 ,,,$0 ,,,$0 ,$0 ,,,,$0 ,,,$0 ,,,$0 ,,,$0 ,,,$0 ,,,$0 ,"$90,000 ",,,$0 ,,,$0 ,,,$0 ,,,$0 ,,,$0 ,,,$0 ,$0 ,,,$0 ,,,$0 ,,,$0 ,,,$0 ,,,$0 ,,,$0 ,,,$0 ,$0 ,,,,,,,,,,,,,,,,,,,
1,Expense,97048,Arc Flash Prevention,Execute,Melanie Yevilov,Highly Capable Workforce,SHE and K-Directives,Expense,,,,,"$318,000 ","$318,000 ",,,$0 ,,,$0 ,,,$0 ,,,$0 ,,,$0 ,,,$0 ,"$318,000 ",,,"$318,000 ","$318,000 ",,,$0 ,,,$0 ,,,$0 ,,,$0 ,,,$0 ,"$366,000 ",,"$319,456 ","$319,456 ",,,$0 ,,,$0 ,,,$0 ,,,$0 ,,,$0 ,"$319,456 ",,"$318,000 ","$318,000 ",,,$0 ,,,$0 ,,,$0 ,,,$0 ,,,$0 ,,,$0 ,"$318,000 ",,,,,,,,,,,,,,,,,,,
0,Expense,97049,SIMCA Online - Downstream Application,Execute,Jim Neeleman,Launch and Commercial Excellence,New Technologies,Expense,,,,,,$0 ,,,$0 ,,,$0 ,,,$0 ,,,$0 ,,,$0 ,,,$0 ,$0 ,,,,$0 ,,,$0 ,,,$0 ,,,$0 ,,,$0 ,,,$0 ,"$327,000 ",,,$0 ,,,$0 ,,,$0 ,,,$0 ,,,$0 ,,,$0 ,$0 ,,,$0 ,,,$0 ,,,$0 ,,,$0 ,,,$0 ,,,$0 ,,,$0 ,$0 ,,,,,,,,,,,,,,,,,,,
1,Expense,97053,Pressure Safety Program ,,,,,Expense,,,,,"$100,000 ","$100,000 ",,,$0 ,,,$0 ,,,$0 ,,,$0 ,,,$0 ,,,$0 ,"$100,000 ",,,,,,,,,,,,,,,,,,,,,,"$100,000 ","$100,000 ",,,$0 ,,,$0 ,,,$0 ,,,$0 ,,,$0 ,"$100,000 ",,"$100,000 ","$100,000 ",,,$0 ,,,$0 ,,,$0 ,,,$0 ,,,$0 ,,,$0 ,"$100,000 ",,,,,,,,,,,,,,,,,,,
0,Expense,97054,HVAC Retro Commissioning,FXNL LT Appr,Scott Fields,Reliability and Value,Stay in Business,Expense,,,,,,$0 ,,"$113,000 ","$113,000 ",,"$44,000 ","$44,000 ",,,$0 ,,,$0 ,,,$0 ,,,$0 ,"$157,000 ",,,,$0 ,,"$131,250 ","$131,250 ","$43,750 ",,"$43,750 ",,,$0 ,,,$0 ,,,$0 ,"$175,000 ",,,$0 ,,"$113,000 ","$113,000 ",,"$44,000 ","$44,000 ",,,$0 ,,,$0 ,,,$0 ,"$157,000 ",,,$0 ,,"$113,000 ","$113,000 ",,"$44,000 ","$44,000 ",,,$0 ,,,$0 ,,,$0 ,,,$0 ,"$157,000 ",,,,,,,,,,,,,,,,,,,
1,Expense,97057,Conference Room 315 Expansion,Canceled,N/A,N/A,Improvements and Efficiencies,Expense,,,,,,$0 ,,,$0 ,,,$0 ,,,$0 ,,,$0 ,,,$0 ,,,$0 ,$0 ,,,"$300,000 ","$300,000 ",,,$0 ,,,$0 ,,,$0 ,,,$0 ,,,$0 ,"$300,000 ",,"$108,000 ","$108,000 ",,"$192,000 ","$192,000 ",,,$0 ,,,$0 ,,,$0 ,,,$0 ,"$300,000 ",,,$0 ,,,$0 ,,,$0 ,,,$0 ,,,$0 ,,,$0 ,,,$0 ,$0 ,,,,,,,,,,,,,,,,,,,
1,Expense,97058,Parking Pavement Repair,Execute,Scott Fields,Reliability and Value,Stay in Business,Expense,,,,,"$245,040 ","$245,040 ",,,$0 ,,,$0 ,,,$0 ,,,$0 ,,,$0 ,,,$0 ,"$245,040 ",,,"$80,000 ","$80,000 ",,,$0 ,,,$0 ,,,$0 ,,,$0 ,,,$0 ,"$200,000 ",,"$245,040 ","$245,040 ",,,$0 ,,,$0 ,,,$0 ,,,$0 ,,,$0 ,"$245,040 ",,"$245,040 ","$245,040 ",,,$0 ,,,$0 ,,,$0 ,,,$0 ,,,$0 ,,,$0 ,"$245,040 ",,,,,,,,,,,,,,,,,,,
1,Expense,97059,B311 & B321 Gowning Room Modifications,Execute,Scott Fields,Reliability and Value,Stay in Business,Expense,,,,,"$100,492 ","$100,492 ",,,$0 ,,,$0 ,,,$0 ,,,$0 ,,,$0 ,,,$0 ,"$100,492 ",,,,$0 ,,,$0 ,,,$0 ,,,$0 ,,,$0 ,,,$0 ,$0 ,,"$107,000 ","$107,000 ",,,$0 ,,,$0 ,,,$0 ,,,$0 ,,,$0 ,"$107,000 ",,"$100,492 ","$100,492 ",,,$0 ,,,$0 ,,,$0 ,,,$0 ,,,$0 ,,,$0 ,"$100,492 ",,,,,,,,,,,,,,,,,,,
0,Expense,97060,QC Gas Cabinet Removal,FXNL LT Appr,Scott Fields,,TBD,Expense,,,,,"$75,000 ","$75,000 ",,,$0 ,,,$0 ,,,$0 ,,,$0 ,,,$0 ,,,$0 ,"$75,000 ",,,,,,,,,,,,,,,,,,,,,,"$75,000 ","$75,000 ",,,$0 ,,,$0 ,,,$0 ,,,$0 ,,,$0 ,"$75,000 ",,"$75,000 ","$75,000 ",,,$0 ,,,$0 ,,,$0 ,,,$0 ,,,$0 ,,,$0 ,"$75,000 ",,,,,,,,,,,,,,,,,,,
1,Expense,97073,PAIR,,,,Stay in Business,Expense,,,,,"$3,102,350 ","$3,102,350 ",,"$4,788,348 ","$4,788,348 ",,,$0 ,,,$0 ,,,$0 ,,,$0 ,,,$0 ,"$7,890,698 ",,,,,,,,,,,,,,,,,,,,,,"$3,091,211 ","$3,091,211 ",,"$3,000,000 ","$3,000,000 ",,"$3,000,000 ","$3,000,000 ",,,$0 ,,,$0 ,,,$0 ,"$9,091,211 ",,"$3,102,350 ","$3,102,350 ",,"$4,788,348 ","$4,788,348 ",,,$0 ,,,$0 ,,,$0 ,,,$0 ,,,$0 ,"$7,890,698 ",,,,,,,,,,,,,,,,,,,
0,Expense,97062,PI- Ammonia RMP Study,,,,TBD,Expense,,,,,,$0 ,,,$0 ,,,$0 ,,,$0 ,,,$0 ,,,$0 ,,,$0 ,$0 ,,,,,,,,,,,,,,,,,,,,,,,$0 ,,,$0 ,,,$0 ,,,$0 ,,,$0 ,,,$0 ,$0 ,,,$0 ,,,$0 ,,,$0 ,,,$0 ,,,$0 ,,,$0 ,,,$0 ,$0 ,,,,,,,,,,,,,,,,,,,
1,Expense,97067,Lean Implementation,,,,,Expense,,,,,,$0 ,,"$85,000 ","$85,000 ",,"$40,000 ","$40,000 ",,,$0 ,,,$0 ,,,$0 ,,,$0 ,"$125,000 ",,,,,,,,,,,,,,,,,,,,,,,,,,,,,,,,,,,,,,,,,,$0 ,,"$85,000 ","$85,000 ",,"$40,000 ","$40,000 ",,,$0 ,,,$0 ,,,$0 ,,,$0 ,"$125,000 ",,,,,,,,,,,,,,,,,,,
1,Expense,97068,Resource Planning and Management Tool,,,,,Expense,,,,,,$0 ,,"$85,000 ","$85,000 ",,"$15,000 ","$15,000 ",,"$15,000 ","$15,000 ",,"$15,000 ","$15,000 ",,,$0 ,,,$0 ,"$130,000 ",,,,,,,,,,,,,,,,,,,,,,,,,,,,,,,,,,,,,,,,,,$0 ,,"$85,000 ","$85,000 ",,"$15,000 ","$15,000 ",,"$15,000 ","$15,000 ",,"$15,000 ","$15,000 ",,,$0 ,,,$0 ,"$130,000 ",,,,,,,,,,,,,,,,,,,
1,Expense,74524,Bioburden 2606 IPA Exhaust Improvement,Execute,Scott Fields,Reliability and Value,SHE and K-Directives,Expense,$0 ,$0 ,,,"$14,571 ","$14,571 ",,,$0 ,,,$0 ,,,$0 ,,,$0 ,,,$0 ,,,$0 ,"$14,571 ",,"$12,000 ",,"$12,000 ","$550,000 ",,"$550,000 ","$550,000 ",,"$550,000 ",,,$0 ,,,$0 ,,,$0 ,"$1,112,000 ",,"$8,519 ","$8,519 ",,"$550,000 ","$550,000 ",,,$0 ,,,$0 ,,,$0 ,,,$0 ,"$558,519 ",,"$14,571 ","$14,571 ",,,$0 ,,,$0 ,,,$0 ,,,$0 ,,,$0 ,,,$0 ,"$14,571 ",,,,,,,,,,,,,,,,,,,
0,Expense,97069,Manufacturing Bullpen,,,,,Expense,,,,,,$0 ,,,$0 ,,,$0 ,,,$0 ,,,$0 ,,,$0 ,,,$0 ,$0 ,,,,,,,,,,,,,,,,,,,,,,,,,,,,,,,,,,,,,,,,,,$0 ,,,$0 ,,,$0 ,,,$0 ,,,$0 ,,,$0 ,,,$0 ,$0 ,,,,,,,,,,,,,,,,,,,
,Expense,97070,Pressure Safety Program Automation - PI,,,,,Expense,,,,,,$0 ,,"$300,000 ","$300,000 ",,,$0 ,,,$0 ,,,$0 ,,,$0 ,,,$0 ,"$300,000 ",,,,,,,,,,,,,,,,,,,,,,,,,,,,,,,,,,,,,,,,,,$0 ,,"$300,000 ","$300,000 ",,,$0 ,,,$0 ,,,$0 ,,,$0 ,,,$0 ,"$300,000 ",,,,,,,,,,,,,,,,,,,
0,Expense,97071,Pipe Labelling Improvement,,,,Stay in Business,Expense,,,,,"$50,000 ","$50,000 ",,"$2,050,000 ","$2,050,000 ",,,$0 ,,,$0 ,,,$0 ,,,$0 ,,,$0 ,"$2,100,000 ",,,,,,,,,,,,,,,,,,,,,,,$0 ,"$100,000 ",,"$100,000 ",,,$0 ,,,$0 ,,,$0 ,,,$0 ,"$100,000 ",,"$50,000 ","$50,000 ",,"$2,050,000 ","$2,050,000 ",,,$0 ,,,$0 ,,,$0 ,,,$0 ,,,$0 ,"$2,100,000 ",,,,,,,,,,,,,,,,,,,
0,Expense,97072,Tangential Flow Filtration Cassettes Management,FXNL LT Appr,Scott Fields,Reliability and Value,Improvements and Efficiencies,Expense,$0 ,$0 ,,,,$0 ,,"$1,030,000 ","$1,030,000 ",,,$0 ,,,$0 ,,,$0 ,,,$0 ,,,$0 ,"$1,030,000 ",,,,$0 ,,"$491,216 ","$491,216 ",,,$0 ,,,$0 ,,,$0 ,,,$0 ,"$491,216 ",,,$0 ,,"$550,000 ","$550,000 ",,,$0 ,,,$0 ,,,$0 ,,,$0 ,"$550,000 ",,,$0 ,,"$1,030,000 ","$1,030,000 ",,,$0 ,,,$0 ,,,$0 ,,,$0 ,,,$0 ,"$1,030,000 ",,,,,,,,,,,,,,,,,,,
,Expense,97074,SDGE Rebate ,,,,,Expense,,,,,"($394,000)","($394,000)",,,$0 ,,,$0 ,,,$0 ,,,$0 ,,,$0 ,,,$0 ,"($394,000)",,,,,,,,,,,,,,,,,,,,,,,,,,,,,,,,,,,,,,,,,"($394,000)","($394,000)",,,$0 ,,,$0 ,,,$0 ,,,$0 ,,,$0 ,,,$0 ,"($394,000)",,,,,,,,,,,,,,,,,,,
0,Expense,97075,PCS Asset Replacement Depreciation Write-Off,,,,#N/A,Expense,,,,,"$800,000 ","$800,000 ",,,$0 ,,,$0 ,,,$0 ,,,$0 ,,,$0 ,,,$0 ,"$800,000 ",,,,,,,,,,,,,,,,,,,,,,"$800,000 ","$800,000 ",,,$0 ,,,$0 ,,,$0 ,,,$0 ,,,$0 ,"$800,000 ",,"$800,000 ","$800,000 ",,,$0 ,,,$0 ,,,$0 ,,,$0 ,,,$0 ,,,$0 ,"$800,000 ",,,,,,,,,,,,,,,,,,,
1,Expense,98026,Launch Capability Program (LCP),Execute,Jim Neeleman,Launch and Commercial Excellence,Tech Transfers,Expense,$0 ,$0 ,,,"$800,000 ","$800,000 ",,,$0 ,,,$0 ,,,$0 ,,,$0 ,,,$0 ,,,$0 ,"$800,000 ",,,"$800,000 ","$800,000 ",,,$0 ,,,$0 ,,,$0 ,,,$0 ,,,$0 ,"$800,000 ",,"$800,000 ","$800,000 ",,,$0 ,,,$0 ,,,$0 ,,,$0 ,,,$0 ,"$800,000 ",,"$800,000 ","$800,000 ",,,$0 ,,,$0 ,,,$0 ,,,$0 ,,,$0 ,,,$0 ,"$800,000 ",,,,,,,,,,,,,,,,,,,
,Expense,97076,Replacement of Obsolete Benchtop Horiba pH Meter - PI,,,,,Expense,,,,,,$0 ,,"$250,000 ","$250,000 ",,,,,,,,,,,,,,,,"$250,000 ",,,,,,,,,,,,,,,,,,,,,,,,,,,,,,,,,,,,,,,,,,$0 ,,"$250,000 ","$250,000 ",,,,,,,,,,,,,,,,,,,,,,,,,,,,,,,,,,,
,Expense,97077,SIP Optimization,,,,,Expense,,,,,,$0 ,,,$0 ,,,,,,,,,,,,,,,,$0 ,,,,,,,,,,,,,,,,,,,,,,,,,,,,,,,,,,,,,,,,,,,,,$0 ,,,,,,,,,,,,,,,,,,,,,,,,,,,,,,,,,,,
,Expense,97078,CIP Optimization,,,,,Expense,,,,,,$0 ,,,$0 ,,,,,,,,,,,,,,,,$0 ,,,,,,,,,,,,,,,,,,,,,,,,,,,,,,,,,,,,,,,,,,,,,$0 ,,,,,,,,,,,,,,,,,,,,,,,,,,,,,,,,,,,
,Expense,97079,Integrating Paper Cleaning Logbooks into Automation,,,,,Expense,,,,,,$0 ,,"$822,000 ","$822,000 ",,,,,,,,,,,,,,,,"$822,000 ",,,,,,,,,,,,,,,,,,,,,,,,,,,,,,,,,,,,,,,,,,,,,$0 ,,,,,,,,,,,,,,,,,,,,,,,,,,,,,,,,,,,
,Expense,97080,Asset Replacement  - Automation (cc1586),,,,,Expense,,,,,,$0 ,,,$0 ,,,,,,,,,,,,,,,,$0 ,,,,,,,,,,,,,,,,,,,,,,,,,,,,,,,,,,,,,,,,,,,,,$0 ,,,,,,,,,,,,,,,,,,,,,,,,,,,,,,,,,,,
,Expense,97081,Hastelloy Colunm Write-Off,,,,,,,,,,,$0 ,,"$132,000 ","$132,000 ",,,,,,,,,,,,,,,,"$132,000 ",,,,,,,,,,,,,,,,,,,,,,,,,,,,,,,,,,,,,,,,,,,,,,,,,,,,,,,,,,,,,,,,,,,,,,,,,,,,,,,,
,,,,,,,,,,,,,,,,,,,,,,,,,,,,,,,,,$0 ,,,,,,,,,,,,,,,,,,,,,,,,,,,,,,,,,,,,,,,,,,,,,,,,,,,,,,,,,,,,,,,,,,,,,,,,,,,,,,,,
,,,,,,,,,,,,,,,,,,,,,,,,,,,,,,,,,$0 ,,,,,,,,,,,,,,,,,,,,,,,,,,,,,,,,,,,,,,,,,,,,,,,,,,,,,,,,,,,,,,,,,,,,,,,,,,,,,,,,
,,,,,,,,,,,,,,,,,,,,,,,,,,,,,,,,,$0 ,,,,,,,,,,,,,,,,,,,,,,,,,,,,,,,,,,,,,,,,,,,,,,,,,,,,,,,,,,,,,,,,,,,,,,,,,,,,,,,,
,,,,,,,,,,,,,,,,,,,,,,,,,,,,,,,,,$0 ,,,,,,,,,,,,,,,,,,,,,,,,,,,,,,,,,,,,,,,,,,,,,,,,,,,,,,,,,,,,,,,,,,,,,,,,,,,,,,,,
,Expense,97999,Site Management Adjustments (if any),,,,,,,,,,,,,,$0 ,,,$0 ,,,$0 ,,,$0 ,,,$0 ,,,$0 ,$0 ,,,"($2,125,000)","($2,125,000)",,,$0 ,,,$0 ,,,$0 ,,,$0 ,,,$0 ,$0 ,,,$0 ,,,$0 ,,,$0 ,,,$0 ,,,$0 ,,,$0 ,$0 ,,,,,,$0 ,,,$0 ,,,$0 ,,,$0 ,,,$0 ,,,$0 ,$0 ,,,,,,,,,,,,,,,,,,,
,,E,TOTAL,,,,,,#REF!,,,$0 ,"$7,165,861 ","$7,165,861 ",$0 ,"$12,873,748 ","$12,873,748 ",$0 ,"$8,286,500 ","$8,286,500 ",$0 ,"$8,365,500 ","$8,365,500 ",$0 ,"$5,134,000 ","$5,134,000 ",$0 ,"$1,836,000 ","$1,836,000 ",,,"$351,000 ","$44,082,836 ",,$0 ,"$2,918,000 ","$5,043,000 ",$0 ,"$14,684,216 ","$14,684,216 ","$43,750 ","$8,076,000 ","$8,119,750 ",$0 ,"$2,721,000 ","$2,721,000 ",$0 ,"$3,188,000 ","$3,188,000 ",,,,"$36,139,966 ",$0 ,"$6,134,984 ","$6,134,984 ",$0 ,"$16,904,722 ","$16,904,722 ",$0 ,"$10,419,500 ","$10,419,500 ",$0 ,"$4,682,500 ","$4,682,500 ",$0 ,"$1,787,000 ","$1,787,000 ","$351,000 ","$1,836,000 ","$2,187,000 ","$42,185,933 ","$600,000 ","$2,362,000 ","$2,962,000 ","$200,000 ","$13,447,750 ","$13,647,750 ",$0 ,"$8,390,000 ","$8,390,000 ",$0 ,"$9,089,000 ","$9,089,000 ",$0 ,"$2,233,000 ","$2,233,000 ",$0 ,"$1,775,000 ","$1,775,000 ",,,,"$38,681,750 ",,,,,,,,,,,,,,,,,,,
,,,,,,,,,,,,,,,,,,,,,,,,,,,,,,,,,,,,,,,,,,,,,,,,,,,,,,,,,,,,,,,,,,,,,,,,,,,,,,,,,,,,,,,,,,,,,,,,,,,,,,,,,,,,,,,,,
,,,,,,,,,,,,,,,,,,,,,,,,,,,,,,,,,,,,,,,,,,,,,,,,,,,,,,,,,,,,,,,,,,,,,,,,,,,,,,,,,,,,,,,,,,,,,,,,,,,,,,,,,,,,,,,,,
,,,,,,,,,,,,,,,,,,,,,,,,,,,,,,,,,,,,,,,,,,,,,,,,,,,,,,,,,,,,,,,,,,,,,,,,,,,,,,,,,,,,,,,,,,,,,,,,,,,,,,,,,,,,,,,,,
,,,,,,,,,,,,,,,,,,,,,,,,,,,,,,,,,,,,,,,,,,,,,,,,,,,,,,,,,,,,,,,,,,,,,,,,,,,,,,,,,,,,,,,,,,,,,,,,,,,,,,,,,,,,,,,,,
,,,,,,,,,,,,,,,,,,,,,,,,,,,,,,,,,,,,,,,,,,,,,,,,,,,,,,,,,,,,,,,,,,,,,,,,,,,,,,,,,,,,,,,,,,,,,,,,,,,,,,,,,,,,,,,,,
,,,,,,,,,,,,,,,,,,,,,,,,,,,,,,,,,,,,,,,,,,,,,,,,,,,,,,,,,,,,,,,,,,,,,,,,,,,,,,,,,,,,,,,,,,,,,,,,,,,,,,,,,,,,,,,,,
,,,,,,,,,,,,,,,,,,,,,,,,,,,,,,,,,,,,,,,,,,,,,,,,,,,,,,,,,,,,,,,,,,,,,,,,,,,,,,,,,,,,,,,,,,,,,,,,,,,,,,,,,,,,,,,,,
,,,,,,,,,,,,"$32,847,099 ",,161566385,,,,,,,,,,,,,,,,,,,,,,,,,,,,,,,,,,,,,,,,,,,,,,,,,,,,,,,,,,,,,,,,,,,,,,,,,,,,,,,,,,,,,,,,,,,,,,,,,,,
