globalType,projectNo,projectTitle,status,SPPM,Program,,creditType,curr_2016_capital,curr_2016_expense,,curr_2017_capital,curr_2017_expense,Total,curr_2018_capital,curr_2018_expense,Total,curr_2019_capital,curr_2019_expense,Total,curr_2020_capital,curr_2020_expense,Total,curr_2021_capital,curr_2021_expense,Total,curr_2022_capital,curr_2022_expense,Total,Total ,,t0_2016_capital,t0_2016_expense,Total,t0_2017_capital,t0_2017_expense,Total,t0_2018_capital,t0_2018_expense,Total,t0_2019_capital,t0_2019_expense,Total,t0_2020_capital,t0_2020_expense,Total,t0_2021_capital,t0_2021_expense,Total,Total ,m05_2016_capital,m05_2016_expense,Total,m05_2017_capital,m05_2017_expense,Total,m05_2018_capital,m05_2018_expense,Total,m05_2019_capital,m05_2019_expense,Total,m05_2020_capital,m05_2020_expense,Total,m05_2021_capital,m05_2021_expense,Total,Total,t3_2015_capital,t3_2015_expense,Total,t3_2016_capital,t3_2016_expense,Total,t3_2017_capital,t3_2017_expense,Total,t3_2018_capital,t3_2018_expense,Total,t3_2019_capital,t3_2019_expense,Total,t3_2020_capital,t3_2020_expense,Total,t3_2021_capital,t3_2021_expense,Total,Total ,t0_2016_capital_2015,t0_2016_expense_2015,Total,t0_2017_capital_2015,t0_2017_expense_2015,Total,t0_2018_capital_2015,t0_2018_expense_2015,Total,t0_2019_capital_2015,t0_2019_expense_2015,Total,t0_2020_capital_2015,t0_2020_expense_2015,Total,t0_2021_capital_2015,t0_2021_expense_2015,Total,Total 
FAE,6DM,GNE Oceanside Prod Ops ,,,,,Global Bucket ,"$3,562,007 ","$50,850 ",,"$3,523,427 ",$0 ,"$3,325,311 ",$0 ,$0 ,"$3,657,842 ",$0 ,$0 ,"$4,023,627 ",$0 ,$0 ,"$4,425,989 ","$1,385,000 ",,"$1,385,000 ",,,"$1,385,000 ","$26,182,506 ",,"$2,554,107 ","$24,450 ","$2,578,556 ","$477,848 ",$0 ,"$3,325,311 ",$0 ,$0 ,"$3,657,842 ",$0 ,$0 ,"$4,023,627 ",$0 ,$0 ,"$4,425,989 ","$1,385,000 ",,"$1,385,000 ","$19,134,416 ","$3,149,795 ","$28,850 ","$3,178,645 ","$927,505 ",$0 ,"$3,325,311 ",$0 ,$0 ,"$3,657,842 ",$0 ,$0 ,"$4,023,627 ",$0 ,$0 ,"$4,425,989 ","$1,385,000 ",,"$1,385,000 ","$24,363,294 ","$880,407 ",$0 ,"$880,407 ","$2,179,955 ",$0 ,"$2,179,955 ","$1,270,000 ",,"$1,270,000 ","$1,305,000 ",,"$1,305,000 ","$1,345,000 ",,"$1,345,000 ","$1,385,000 ",,"$1,385,000 ",,,,"$8,738,102 ","$2,554,107 ","$24,450 ","$2,578,556 ","$477,848 ",$0 ,"$3,325,311 ",$0 ,$0 ,"$3,657,842 ",$0 ,$0 ,"$4,023,627 ",$0 ,$0 ,"$4,425,989 ","$1,385,000 ",,"$1,385,000 ","$19,134,416 "
FAC,90024,NIMO Small Projects - Misc ,,,,,Global Bucket ,"$2,308,740 ","$22,286 ",,"$132,000 ",$0 ,"$1,790,552 ","$132,000 ",$0 ,"$1,969,607 ",$0 ,$0 ,"$2,166,568 ","$484,000 ",$0 ,"$2,383,225 ","$5,979,000 ",,"$5,979,000 ",,,"$5,979,000 ","$46,791,886 ",,"$2,028,821 ","$22,286 ","$2,051,107 ",$0 ,$0 ,"$1,790,552 ",$0 ,$0 ,"$1,969,607 ",$0 ,$0 ,"$2,166,568 ",$0 ,$0 ,"$2,383,225 ","$5,979,000 ",,"$5,979,000 ","$13,866,135 ","$2,379,243 ","$22,791 ","$2,402,034 ","$3,432,000 ",$0 ,"$1,790,552 ","$3,432,000 ",$0 ,"$1,969,607 ","$3,300,000 ",$0 ,"$2,166,568 ","$3,784,000 ",$0 ,"$2,383,225 ","$5,979,000 ",,"$5,979,000 ","$40,883,894 ","$1,753,651 ","$245,995 ","$1,999,646 ","$1,170,172 ","$28,903 ","$1,199,075 ","$5,785,440 ",,"$5,785,440 ","$5,786,069 ",,"$5,786,069 ","$5,805,000 ",,"$5,805,000 ","$5,979,000 ",,"$5,979,000 ",,,,"$28,516,798 ","$2,028,821 ","$22,286 ","$2,051,107 ",$0 ,$0 ,"$1,790,552 ",$0 ,$0 ,"$1,969,607 ",$0 ,$0 ,"$2,166,568 ",$0 ,$0 ,"$2,383,225 ","$5,979,000 ",,"$5,979,000 ","$13,866,135 "
FAC,64899,Engineering Library TOP Storage Unit,Execute,Jim Neeleman,Reliable,Improvements and Efficiencies,Global,"$4,011 ",,,,,$0 ,,,$0 ,,,$0 ,,,$0 ,,,$0 ,,,$0 ,"$70,892 ",,,,$0 ,,,$0 ,,,$0 ,,,$0 ,,,$0 ,,,$0 ,"$75,000 ","$4,011 ",,"$4,011 ",,,$0 ,,,$0 ,,,$0 ,,,$0 ,,,$0 ,"$70,892 ","$75,000 ",,"$75,000 ",,,$0 ,,,$0 ,,,$0 ,,,$0 ,,,$0 ,,,,"$75,000 ",,,$0 ,,,$0 ,,,$0 ,,,$0 ,,,$0 ,,,$0 ,"$75,000 "
FAC,64901,MCS Peripheral Asset Replacement - 2015,Execute,Scott Fields,Reliability and Value,Stay in Business,Global,"$43,151 ",,,,,$0 ,,,$0 ,,,$0 ,,,$0 ,,,$0 ,,,$0 ,"$266,368 ",,"$100,000 ",,"$100,000 ",,,$0 ,,,$0 ,,,$0 ,,,$0 ,,,$0 ,"$425,200 ","$99,984 ",,"$99,984 ",,,$0 ,,,$0 ,,,$0 ,,,$0 ,,,$0 ,"$323,201 ","$225,000 ","$100,000 ","$325,000 ",,,$0 ,,,$0 ,,,$0 ,,,$0 ,,,$0 ,,,,"$325,000 ","$100,000 ",,"$100,000 ",,,$0 ,,,$0 ,,,$0 ,,,$0 ,,,$0 ,"$425,200 "
FAE,64914,QC M9 TOC Analyzers,Execute,Jim Neeleman,Launch and Commercial Excellence,New Technologies,Global,"$17,480 ",,,,,$0 ,,,$0 ,,,$0 ,,,$0 ,,,$0 ,,,$0 ,"$104,550 ",,"$106,000 ",,"$106,000 ",,,$0 ,,,$0 ,,,$0 ,,,$0 ,,,$0 ,"$106,000 ","$18,930 ",,"$18,930 ",,,$0 ,,,$0 ,,,$0 ,,,$0 ,,,$0 ,"$106,000 ","$106,000 ",,"$106,000 ",,,$0 ,,,$0 ,,,$0 ,,,$0 ,,,$0 ,,,,"$106,000 ","$106,000 ",,"$106,000 ",,,$0 ,,,$0 ,,,$0 ,,,$0 ,,,$0 ,"$106,000 "
FAE,64923,QC Met-One Air Sampler Replacement 2015,Execute,Jim Neeleman,Launch and Commercial Excellence,Stay in Business,Global,"$15,885 ",,,,,$0 ,,,$0 ,,,$0 ,,,$0 ,,,$0 ,,,$0 ,"$60,000 ",,"$60,000 ",,"$60,000 ",,,$0 ,,,$0 ,,,$0 ,,,$0 ,,,$0 ,"$60,000 ","$15,885 ",,"$15,885 ",,,$0 ,,,$0 ,,,$0 ,,,$0 ,,,$0 ,"$60,000 ",,,$0 ,,,$0 ,,,$0 ,,,$0 ,,,$0 ,,,$0 ,,,,$0 ,"$60,000 ",,"$60,000 ",,,$0 ,,,$0 ,,,$0 ,,,$0 ,,,$0 ,"$60,000 "
FAE,64925,QC UV Vis Spectometer Replacement 2015,Execute,Jim Neeleman,Reliable,Stay in Business,Global,"$21,531 ",,,,,$0 ,,,$0 ,,,$0 ,,,$0 ,,,$0 ,,,$0 ,"$21,531 ",,,,$0 ,,,$0 ,,,$0 ,,,$0 ,,,$0 ,,,$0 ,"$28,350 ","$21,531 ",,"$21,531 ",,,$0 ,,,$0 ,,,$0 ,,,$0 ,,,$0 ,"$21,531 ",,,$0 ,,,$0 ,,,$0 ,,,$0 ,,,$0 ,,,$0 ,,,,$0 ,,,$0 ,,,$0 ,,,$0 ,,,$0 ,,,$0 ,,,$0 ,"$28,350 "
FAE,64927,QC Gel Imager Replacement 2015,Execute,Jim Neeleman,Launch and Commercial Excellence,Stay in Business,Global,$987 ,,,,,$0 ,,,$0 ,,,$0 ,,,$0 ,,,$0 ,,,$0 ,"$13,327 ",,"$15,000 ",,"$15,000 ",,,$0 ,,,$0 ,,,$0 ,,,$0 ,,,$0 ,"$15,000 ","$2,660 ",,"$2,660 ",,,$0 ,,,$0 ,,,$0 ,,,$0 ,,,$0 ,"$15,000 ",,,$0 ,,,$0 ,,,$0 ,,,$0 ,,,$0 ,,,$0 ,,,,$0 ,"$15,000 ",,"$15,000 ",,,$0 ,,,$0 ,,,$0 ,,,$0 ,,,$0 ,"$15,000 "
,73356,Supplemental BDU Sampling,Execute 2,Jim Neeleman,Launch and Commercial Excellence,Stay in Business,Individual,"$157,774 ",,,,,$0 ,,,$0 ,,,$0 ,,,$0 ,,,$0 ,,,$0 ,"$1,836,669 ",,"$200,000 ",,"$200,000 ",,,$0 ,,,$0 ,,,$0 ,,,$0 ,,,$0 ,"$1,674,665 ","$157,774 ",,"$157,774 ",,,$0 ,,,$0 ,,,$0 ,,,$0 ,,,$0 ,"$1,836,669 ","$1,864,000 ",,"$1,864,000 ","$200,000 ",,"$200,000 ",,,$0 ,,,$0 ,,,$0 ,,,$0 ,,,,"$2,064,000 ","$200,000 ",,"$200,000 ",,,$0 ,,,$0 ,,,$0 ,,,$0 ,,,$0 ,"$1,674,665 "
,73367,FS & DS Automation Integration,Execute 2,Zaymar Sedra ,Fit for Purpose,Tech Transfers,Individual,"$26,719 ",,,,,$0 ,,,$0 ,,,$0 ,,,$0 ,,,$0 ,,,$0 ,"$749,690 ",,"$10,000 ",,"$10,000 ",,,$0 ,,,$0 ,,,$0 ,,,$0 ,,,$0 ,"$733,193 ","$26,719 ",,"$26,719 ",,,$0 ,,,$0 ,,,$0 ,,,$0 ,,,$0 ,"$749,690 ","$602,000 ",,"$602,000 ",,,$0 ,,,$0 ,,,$0 ,,,$0 ,,,$0 ,,,,"$602,000 ","$10,000 ",,"$10,000 ",,,$0 ,,,$0 ,,,$0 ,,,$0 ,,,$0 ,"$733,193 "
FAC,73384,Caustic Bath Upgrade,Execute,Melanie Yevilov,Highly Capable Workforce,Stay in Business,Global,$459 ,,,,,$0 ,,,$0 ,,,$0 ,,,$0 ,,,$0 ,,,$0 ,"$1,880 ",,"$9,000 ",,"$9,000 ",,,$0 ,,,$0 ,,,$0 ,,,$0 ,,,$0 ,"$51,106 ","$11,541 ",$459 ,"$12,000 ",,,$0 ,,,$0 ,,,$0 ,,,$0 ,,,$0 ,"$13,421 ","$34,000 ",,"$34,000 ",,,$0 ,,,$0 ,,,$0 ,,,$0 ,,,$0 ,,,,"$51,106 ","$9,000 ",,"$9,000 ",,,$0 ,,,$0 ,,,$0 ,,,$0 ,,,$0 ,"$51,106 "
FAC,73387,MCSBACKUP Phase 2 Tape Retrieval,Execute,Deidre Dunham,Reliability and Value,New Technologies,Global,,,,,,$0 ,,,$0 ,,,$0 ,,,$0 ,,,$0 ,,,$0 ,"$45,791 ",,"$5,000 ",,"$5,000 ",,,$0 ,,,$0 ,,,$0 ,,,$0 ,,,$0 ,"$52,000 ","$5,000 ",,"$5,000 ",,,$0 ,,,$0 ,,,$0 ,,,$0 ,,,$0 ,"$50,791 ","$43,000 ","$5,000 ","$48,000 ",,,$0 ,,,$0 ,,,$0 ,,,$0 ,,,$0 ,,,,"$48,000 ","$5,000 ",,"$5,000 ",,,$0 ,,,$0 ,,,$0 ,,,$0 ,,,$0 ,"$52,000 "
FAC,73388,SIMCA Online Real Time Process Monitoring System,Execute,Jim Neeleman,Launch and Commercial Excellence,New Technologies,Global,,,,,,$0 ,,,$0 ,,,$0 ,,,$0 ,,,$0 ,,,$0 ,"$262,943 ",,"$58,000 ",,"$58,000 ",,,$0 ,,,$0 ,,,$0 ,,,$0 ,,,$0 ,"$344,000 ",,,$0 ,,,$0 ,,,$0 ,,,$0 ,,,$0 ,,,$0 ,"$262,943 ","$298,664 ","$22,495 ","$321,159 ",,,$0 ,,,$0 ,,,$0 ,,,$0 ,,,$0 ,,,,"$321,159 ","$58,000 ",,"$58,000 ",,,$0 ,,,$0 ,,,$0 ,,,$0 ,,,$0 ,"$344,000 "
FAC,73398,MCS Manufacturing Area Wireless Access Point Asset Replacement - 2015,Execute,Scott Fields,Reliability and Value,Stay in Business,Global,"$215,828 ",,,,,$0 ,,,$0 ,,,$0 ,,,$0 ,,,$0 ,,,$0 ,"$229,175 ",,"$95,000 ",,"$95,000 ",,,$0 ,,,$0 ,,,$0 ,,,$0 ,,,$0 ,"$211,000 ","$204,700 ",,"$204,700 ",,,$0 ,,,$0 ,,,$0 ,,,$0 ,,,$0 ,"$218,047 ","$253,487 ",,"$253,487 ","$20,000 ",,"$20,000 ",,,$0 ,,,$0 ,,,$0 ,,,$0 ,,,,"$273,487 ","$95,000 ",,"$95,000 ",,,$0 ,,,$0 ,,,$0 ,,,$0 ,,,$0 ,"$211,000 "
FAC,73399,Frit Handling and Storage,Execute,Melanie Yevilov,Highly Capable Workforce,Tech Transfers,Global,"$153,215 ",,,,,$0 ,,,$0 ,,,$0 ,,,$0 ,,,$0 ,,,$0 ,"$172,209 ",,"$108,000 ","$15,000 ","$123,000 ",,,$0 ,,,$0 ,,,$0 ,,,$0 ,,,$0 ,"$138,000 ","$191,950 ","$15,000 ","$206,950 ",,,$0 ,,,$0 ,,,$0 ,,,$0 ,,,$0 ,"$225,944 ","$48,000 ",,"$48,000 ","$91,000 ","$15,000 ","$106,000 ",,,$0 ,,,$0 ,,,$0 ,,,$0 ,,,,"$154,000 ","$108,000 ","$15,000 ","$123,000 ",,,$0 ,,,$0 ,,,$0 ,,,$0 ,,,$0 ,"$138,000 "
FAC,73406,Guided Wave Radar V-4045 & V-4055,Execute,Zaymar Sedra ,Agile,New Technologies,Global,"$17,477 ",,,,,$0 ,,,$0 ,,,$0 ,,,$0 ,,,$0 ,,,$0 ,"$49,498 ",,,,$0 ,,,$0 ,,,$0 ,,,$0 ,,,$0 ,,,$0 ,"$60,000 ","$17,477 ",,"$17,477 ",,,$0 ,,,$0 ,,,$0 ,,,$0 ,,,$0 ,"$49,498 ","$20,000 ",,"$20,000 ",,,$0 ,,,$0 ,,,$0 ,,,$0 ,,,$0 ,,,,"$20,000 ",,,$0 ,,,$0 ,,,$0 ,,,$0 ,,,$0 ,,,$0 ,"$60,000 "
FAC,73409,Solar Power Enabling Project,Execute,Melanie Yevilov,Highly Capable Workforce,SHE and K-Directives,Global,"$307,216 ",,,,,$0 ,,,$0 ,,,$0 ,,,$0 ,,,$0 ,,,$0 ,"$439,439 ",,"$271,000 ",,"$271,000 ",,,$0 ,,,$0 ,,,$0 ,,,$0 ,,,$0 ,"$455,000 ","$305,902 ",,"$305,902 ",,,$0 ,,,$0 ,,,$0 ,,,$0 ,,,$0 ,"$438,125 ","$379,500 ","$61,500 ","$441,000 ",,,$0 ,,,$0 ,,,$0 ,,,$0 ,,,$0 ,,,,"$441,000 ","$271,000 ",,"$271,000 ",,,$0 ,,,$0 ,,,$0 ,,,$0 ,,,$0 ,"$455,000 "
,74119,Harvest Upgrade (New Centrifuge),Execute 2,Zaymar Sedra ,Fit for Purpose,Strategic,Individual,"$4,614,221 ","$21,631 ",,"$7,236,886 ","$51,254 ","$7,288,140 ",,,$0 ,,,$0 ,,,$0 ,,,$0 ,,,$0 ,"$15,479,491 ",,"$7,233,192 ","$28,727 ","$7,261,919 ","$1,057,804 ","$56,618 ","$1,114,422 ",,,$0 ,,,$0 ,,,$0 ,,,$0 ,"$12,909,963 ","$7,001,377 ","$37,498 ","$7,038,875 ","$4,833,864 ","$51,254 ","$4,885,118 ",,,$0 ,,,$0 ,,,$0 ,,,$0 ,"$15,479,491 ","$4,422,093 ","$111,529 ","$4,533,622 ","$9,645,276 ","$194,535 ","$9,839,811 ","$1,057,804 ","$56,618 ","$1,114,422 ",,,$0 ,,,$0 ,,,$0 ,,,,"$15,487,855 ","$7,233,192 ","$28,727 ","$7,261,919 ","$1,057,804 ","$56,618 ","$1,114,422 ",,,$0 ,,,$0 ,,,$0 ,,,$0 ,"$12,909,963 "
,74127,Harvest Modifications Start-up,Budgeted,Deidre Dunham,Launch Facility,Strategic,Start-up,"$125,000 ",,,"$2,275,000 ",,"$2,275,000 ",,,$0 ,,,$0 ,,,$0 ,,,$0 ,,,$0 ,"$2,400,000 ",,"$125,000 ",,"$125,000 ","$2,275,000 ",,"$2,275,000 ",,,$0 ,,,$0 ,,,$0 ,,,$0 ,"$2,400,000 ","$125,000 ",,"$125,000 ","$2,275,000 ",,"$2,275,000 ",,,$0 ,,,$0 ,,,$0 ,,,$0 ,"$2,400,000 ",,,$0 ,"$800,000 ",,"$800,000 ","$1,600,000 ",,"$1,600,000 ",,,$0 ,,,$0 ,,,$0 ,,,,"$2,400,000 ","$125,000 ",,"$125,000 ","$2,275,000 ",,"$2,275,000 ",,,$0 ,,,$0 ,,,$0 ,,,$0 ,"$2,400,000 "
,74268,P2 Downstream Processing Expansion,Execute 2,Zaymar Sedra ,Fit for Purpose,Strategic,Individual,"$91,862,606 ","$1,766,871 ",,"$33,364,075 ","$916,060 ","$34,280,135 ",,,$0 ,,,$0 ,,,$0 ,,,$0 ,,,$0 ,"$193,093,673 ",,"$104,650,502 ","$825,644 ","$105,476,146 ","$29,469,907 ","$2,950,438 ","$32,420,345 ",,,$0 ,,,$0 ,,,$0 ,,,$0 ,"$187,356,818 ","$92,403,605 ","$1,248,192 ","$93,651,797 ","$33,364,075 ","$916,060 ","$34,280,135 ",,,$0 ,,,$0 ,,,$0 ,,,$0 ,"$193,115,993 ","$46,838,234 ","$2,675,210 ","$49,513,444 ","$119,331,552 ","$2,898,925 ","$122,230,477 ","$14,062,863 ","$1,541,104 ","$15,603,967 ",,,$0 ,,,$0 ,,,$0 ,,,,"$187,347,889 ","$104,650,502 ","$825,644 ","$105,476,146 ","$29,469,907 ","$2,950,438 ","$32,420,345 ",,,$0 ,,,$0 ,,,$0 ,,,$0 ,"$187,356,818 "
,74277,P2 DPE Start-Up,Execute,Zaymar Sedra ,Fit for Purpose,Strategic,Start-up,"$4,461,207 ",,,"$40,280,925 ",,"$40,280,925 ","$6,754,868 ",,"$6,754,868 ",,,$0 ,,,$0 ,,,$0 ,,,$0 ,"$51,497,000 ",,"$8,000,000 ",,"$8,000,000 ","$44,445,136 ",,"$44,445,136 ",,,$0 ,,,$0 ,,,$0 ,,,$0 ,"$52,445,136 ","$4,461,207 ",,"$4,461,207 ","$40,280,925 ",,"$40,280,925 ","$6,754,868 ",,"$6,754,868 ",,,$0 ,,,$0 ,,,$0 ,"$51,497,000 ",,,$0 ,"$8,000,000 ",,"$8,000,000 ","$44,445,136 ",,"$44,445,136 ",,,$0 ,,,$0 ,,,$0 ,,,,"$52,445,136 ","$8,000,000 ",,"$8,000,000 ","$44,445,136 ",,"$44,445,136 ",,,$0 ,,,$0 ,,,$0 ,,,$0 ,"$52,445,136 "
,74278,K6 Program - Project 3 - Replace Cold Room Compressors,FXNL LT Appr,Zaymar Sedra ,Fit for Purpose,SHE and K-Directives,Individual,,,,"$528,000 ","$75,000 ","$603,000 ","$4,828,000 ",,"$4,828,000 ","$4,828,000 ",,"$4,828,000 ","$500,000 ",,"$500,000 ",,,$0 ,,,$0 ,"$10,759,000 ",,,,$0 ,"$528,000 ","$75,000 ","$603,000 ","$4,828,000 ",,"$4,828,000 ","$4,828,000 ",,"$4,828,000 ","$500,000 ",,"$500,000 ",,,$0 ,"$10,759,000 ",,,$0 ,"$528,000 ","$75,000 ","$603,000 ","$4,828,000 ",,"$4,828,000 ","$4,828,000 ",,"$4,828,000 ","$500,000 ",,"$500,000 ",,,$0 ,"$10,759,000 ",,,$0 ,"$528,000 ",,"$528,000 ","$4,828,000 ",,"$4,828,000 ","$4,828,000 ",,"$4,828,000 ","$500,000 ",,"$500,000 ",,,$0 ,,,,"$10,684,000 ",,,$0 ,"$528,000 ","$75,000 ","$603,000 ","$4,828,000 ",,"$4,828,000 ","$4,828,000 ",,"$4,828,000 ","$500,000 ",,"$500,000 ",,,$0 ,"$10,759,000 "
,74279,New Media Technology - HTST / Adventitious,Execute 2,Scott Fields,Reliability and Value,New Technologies,Individual,"$4,859,034 ","$88,096 ",,"$1,553,492 ","$37,670 ","$1,591,162 ",,,$0 ,,,$0 ,,,$0 ,,,$0 ,,,$0 ,"$9,046,079 ",,"$5,444,000 ",,"$5,444,000 ","$1,588,000 ",,"$1,588,000 ",,,$0 ,,,$0 ,,,$0 ,,,$0 ,"$9,106,000 ","$4,810,886 ","$1,768 ","$4,812,654 ","$1,602,703 ",,"$1,602,703 ",,,$0 ,,,$0 ,,,$0 ,,,$0 ,"$8,923,144 ","$3,259,000 ","$2,000 ","$3,261,000 ","$4,120,000 ",,"$4,120,000 ","$1,588,000 ",,"$1,588,000 ",,,$0 ,,,$0 ,,,$0 ,,,,"$8,969,000 ","$5,444,000 ",,"$5,444,000 ","$1,588,000 ",,"$1,588,000 ",,,$0 ,,,$0 ,,,$0 ,,,$0 ,"$9,106,000 "
,74302,Waterpooling Remediation,Execute 2,Jim Neeleman,Reliability and Value,Stay in Business,Individual,"$369,680 ",,,"$50,426 ",,"$50,426 ",,,$0 ,,,$0 ,,,$0 ,,,$0 ,,,$0 ,"$2,085,021 ",,"$435,000 ",,"$435,000 ",,,$0 ,,,$0 ,,,$0 ,,,$0 ,,,$0 ,"$945,000 ","$369,680 ",,"$369,680 ","$51,636 ",,"$51,636 ",,,$0 ,,,$0 ,,,$0 ,,,$0 ,"$2,086,231 ","$574,000 ",,"$574,000 ","$1,292,000 ",,"$1,292,000 ",,,$0 ,,,$0 ,,,$0 ,,,$0 ,,,,"$1,866,000 ","$435,000 ",,"$435,000 ",,,$0 ,,,$0 ,,,$0 ,,,$0 ,,,$0 ,"$945,000 "
,74368,Dev/Val Automation Capacity Expansion,Execute,Jim Neeleman,Launch and Commercial Excellence,Improvements and Efficiencies,Individual,"$10,000 ",,,,,$0 ,,,$0 ,,,$0 ,,,$0 ,,,$0 ,,,$0 ,"$555,477 ",,"$10,000 ",,"$10,000 ",,,$0 ,,,$0 ,,,$0 ,,,$0 ,,,$0 ,"$66,000 ","$10,000 ",,"$10,000 ",,,$0 ,,,$0 ,,,$0 ,,,$0 ,,,$0 ,"$555,477 ","$69,000 ",,"$69,000 ",,,$0 ,,,$0 ,,,$0 ,,,$0 ,,,$0 ,,,,"$69,000 ","$10,000 ",,"$10,000 ",,,$0 ,,,$0 ,,,$0 ,,,$0 ,,,$0 ,"$66,000 "
,74371,Odor Treatment,FXNL LT Appr,Melanie Yevilov,TBD,SHE and K-Directives,Individual,,,,,,$0 ,"$750,000 ",,"$750,000 ","$4,250,000 ","$500,000 ","$4,750,000 ",,,$0 ,,,$0 ,,,$0 ,"$5,500,000 ",,,,$0 ,"$1,000,000 ",,"$1,000,000 ","$4,000,000 ","$500,000 ","$4,500,000 ",,,$0 ,,,$0 ,,,$0 ,"$5,600,000 ",,,$0 ,"$750,000 ",,"$750,000 ","$4,250,000 ","$500,000 ","$4,750,000 ",,,$0 ,,,$0 ,,,$0 ,"$5,500,000 ","$100,000 ",,"$100,000 ","$1,000,000 ",,"$1,000,000 ","$4,000,000 ",,"$4,000,000 ",,,$0 ,,,$0 ,,,$0 ,,,,"$5,100,000 ",,,$0 ,"$1,000,000 ",,"$1,000,000 ","$4,000,000 ","$500,000 ","$4,500,000 ",,,$0 ,,,$0 ,,,$0 ,"$5,600,000 "
,74373,WFI Generation and Storage System / CUB Expansion,Execute 2,Zaymar Sedra ,Fit for Purpose,Strategic,Individual,"$5,512,468 ","$23,739 ",,,,$0 ,,,$0 ,,,$0 ,,,$0 ,,,$0 ,,,$0 ,"$13,800,941 ",,"$5,342,000 ","$12,500 ","$5,354,500 ",,,$0 ,,,$0 ,,,$0 ,,,$0 ,,,$0 ,"$11,609,722 ","$5,523,133 ","$13,075 ","$5,536,208 ",,,$0 ,,,$0 ,,,$0 ,,,$0 ,,,$0 ,"$13,800,942 ","$8,959,000 ","$134,000 ","$9,093,000 ","$2,740,000 ","$2,000 ","$2,742,000 ",,,$0 ,,,$0 ,,,$0 ,,,$0 ,,,,"$11,835,000 ","$5,342,000 ","$12,500 ","$5,354,500 ",,,$0 ,,,$0 ,,,$0 ,,,$0 ,,,$0 ,"$11,609,722 "
,74382,Sci&Eng Lab Mods and Equipment,Execute 2,Jim Neeleman,Launch and Commercial Excellence,Strategic,Individual,"$7,414,885 ","$195,338 ",,"$390,885 ",,"$390,885 ",,,$0 ,,,$0 ,,,$0 ,,,$0 ,,,$0 ,"$14,009,740 ",,"$7,008,000 ","$393,000 ","$7,401,000 ",,,$0 ,,,$0 ,,,$0 ,,,$0 ,,,$0 ,"$12,673,000 ","$6,232,184 ","$458,027 ","$6,690,211 ","$488,779 ",,"$488,779 ",,,$0 ,,,$0 ,,,$0 ,,,$0 ,"$13,187,622 ","$9,335,000 ","$300,000 ","$9,635,000 ","$2,914,000 ","$172,000 ","$3,086,000 ",,,$0 ,,,$0 ,,,$0 ,,,$0 ,,,,"$12,721,000 ","$7,008,000 ","$393,000 ","$7,401,000 ",,,$0 ,,,$0 ,,,$0 ,,,$0 ,,,$0 ,"$12,673,000 "
,74385,Media Prep Endotoxin/Bioburden Sampling,Hold,Melanie Yevilov,Reliability and Value,Stay in Business,Individual,,,,,,$0 ,,,$0 ,,,$0 ,,,$0 ,,,$0 ,,,$0 ,$0 ,,"$500,000 ",,"$500,000 ","$2,500,000 ",,"$2,500,000 ",,,$0 ,,,$0 ,,,$0 ,,,$0 ,"$3,000,000 ","$250,000 ",,"$250,000 ","$2,750,000 ",,"$2,750,000 ",,,$0 ,,,$0 ,,,$0 ,,,$0 ,"$3,000,000 ",,,$0 ,,,$0 ,,,$0 ,,,$0 ,,,$0 ,,,$0 ,,,,$0 ,"$500,000 ",,"$500,000 ","$2,500,000 ",,"$2,500,000 ",,,$0 ,,,$0 ,,,$0 ,,,$0 ,"$3,000,000 "
,74392,Water Reclaim System,Execute,Scott Fields,Reliability and Value,SHE and K-Directives,Individual,"$143,846 ",,,,,$0 ,,,$0 ,,,$0 ,,,$0 ,,,$0 ,,,$0 ,"$322,931 ",,"$676,000 ",,"$676,000 ","$800,000 ",,"$800,000 ",,,$0 ,,,$0 ,,,$0 ,,,$0 ,"$1,656,000 ","$162,102 ",,"$162,102 ",,,$0 ,,,$0 ,,,$0 ,,,$0 ,,,$0 ,"$341,187 ","$1,166,000 ",,"$1,166,000 ","$514,000 ",,"$514,000 ",,,$0 ,,,$0 ,,,$0 ,,,$0 ,,,,"$1,680,000 ","$676,000 ",,"$676,000 ","$800,000 ",,"$800,000 ",,,$0 ,,,$0 ,,,$0 ,,,$0 ,"$1,656,000 "
,74404,Mezzanine Lift Media Prep: Phase 1B,Execute,Melanie Yevilov,Highly Capable Workforce,SHE and K-Directives,Individual,"$270,440 ",($431),,,,$0 ,,,$0 ,,,$0 ,,,$0 ,,,$0 ,,,$0 ,"$552,787 ",,"$330,000 ",,"$330,000 ",,,$0 ,,,$0 ,,,$0 ,,,$0 ,,,$0 ,"$592,000 ","$201,044 ",($431),"$200,613 ",,,$0 ,,,$0 ,,,$0 ,,,$0 ,,,$0 ,"$483,391 ","$597,000 ","$20,000 ","$617,000 ",,,$0 ,,,$0 ,,,$0 ,,,$0 ,,,$0 ,,,,"$617,000 ","$330,000 ",,"$330,000 ",,,$0 ,,,$0 ,,,$0 ,,,$0 ,,,$0 ,"$592,000 "
,74406,Corrosive Chemical Compliance,Execute,Scott Fields,Reliability and Value,SHE and K-Directives,Individual,"$1,724,239 ",,,"$83,733 ",,"$83,733 ",,,$0 ,,,$0 ,,,$0 ,,,$0 ,,,$0 ,"$1,910,997 ",,"$1,812,000 ",,"$1,812,000 ",,,$0 ,,,$0 ,,,$0 ,,,$0 ,,,$0 ,"$1,910,000 ","$1,596,303 ",,"$1,596,303 ","$83,733 ",,"$83,733 ",,,$0 ,,,$0 ,,,$0 ,,,$0 ,"$1,783,061 ","$1,279,000 ",,"$1,279,000 ","$622,000 ","$52,000 ","$674,000 ",,,$0 ,,,$0 ,,,$0 ,,,$0 ,,,,"$1,953,000 ","$1,812,000 ",,"$1,812,000 ",,,$0 ,,,$0 ,,,$0 ,,,$0 ,,,$0 ,"$1,910,000 "
,74409,K6 Program - Project 1 - Replace DX HVAC Units,Execute,Zaymar Sedra ,Fit for Purpose,SHE and K-Directives,Individual,,,,"$310,000 ","$22,000 ","$332,000 ",,,$0 ,,,$0 ,,,$0 ,,,$0 ,,,$0 ,"$332,000 ",,"$1,902,000 ","$22,000 ","$1,924,000 ",,,$0 ,,,$0 ,,,$0 ,,,$0 ,,,$0 ,"$2,014,000 ",,,$0 ,"$310,000 ","$22,000 ","$332,000 ","$1,592,000 ",,"$1,592,000 ",,,$0 ,,,$0 ,,,$0 ,"$1,924,000 ","$415,000 ","$40,000 ","$455,000 ","$968,000 ","$50,000 ","$1,018,000 ",,,$0 ,,,$0 ,,,$0 ,,,$0 ,,,,"$1,473,000 ","$1,902,000 ","$22,000 ","$1,924,000 ",,,$0 ,,,$0 ,,,$0 ,,,$0 ,,,$0 ,"$2,014,000 "
,74416,Asphyxiant Gas Remediation,Execute 1,Melanie Yevilov,Highly Capable Workforce,SHE and K-Directives,Individual,"$126,295 ",,,,,$0 ,,,$0 ,,,$0 ,,,$0 ,,,$0 ,,,$0 ,"$162,954 ",,"$99,000 ",,"$99,000 ",,,$0 ,,,$0 ,,,$0 ,,,$0 ,,,$0 ,"$132,392 ","$142,115 ",,"$142,115 ","$400,000 ",,"$400,000 ",,,$0 ,,,$0 ,,,$0 ,,,$0 ,"$578,774 ","$555,000 ",,"$555,000 ",,,$0 ,,,$0 ,,,$0 ,,,$0 ,,,$0 ,,,,"$555,000 ","$99,000 ",,"$99,000 ",,,$0 ,,,$0 ,,,$0 ,,,$0 ,,,$0 ,"$132,392 "
,74418,QC Lab Reconfiguration & Equipment,Execute 1,Jim Neeleman,Launch and Commercial Excellence,Tech Transfers,Individual,"$3,160,674 ","$114,000 ",,"$289,726 ",,"$289,726 ",,,$0 ,,,$0 ,,,$0 ,,,$0 ,,,$0 ,"$3,789,146 ",,"$3,675,000 ",,"$3,675,000 ",,,$0 ,,,$0 ,,,$0 ,,,$0 ,,,$0 ,"$3,888,000 ","$1,918,122 ","$113,000 ","$2,031,122 ","$1,568,006 ",,"$1,568,006 ",,,$0 ,,,$0 ,,,$0 ,,,$0 ,"$3,823,874 ","$3,145,000 ",,"$3,145,000 ","$1,016,000 ",,"$1,016,000 ",,,$0 ,,,$0 ,,,$0 ,,,$0 ,,,,"$4,161,000 ","$3,675,000 ",,"$3,675,000 ",,,$0 ,,,$0 ,,,$0 ,,,$0 ,,,$0 ,"$3,888,000 "
,74426,Process VSD and SOV Replacement - 2015,Execute,Scott Fields,Reliability and Value,Stay in Business,Individual,"$589,735 ",,,,,$0 ,,,$0 ,,,$0 ,,,$0 ,,,$0 ,,,$0 ,"$784,356 ",,"$489,000 ",,"$489,000 ",,,$0 ,,,$0 ,,,$0 ,,,$0 ,,,$0 ,"$692,000 ","$495,036 ",,"$495,036 ",,,$0 ,,,$0 ,,,$0 ,,,$0 ,,,$0 ,"$689,657 ","$707,000 ",,"$707,000 ",,,$0 ,,,$0 ,,,$0 ,,,$0 ,,,$0 ,,,,"$707,000 ","$489,000 ",,"$489,000 ",,,$0 ,,,$0 ,,,$0 ,,,$0 ,,,$0 ,"$692,000 "
,74427,MCS Network Infrastructure Asset Replacement - 2016,Execute,Scott Fields,Reliability and Value,Stay in Business,Individual,"$1,466,000 ",,,,,$0 ,,,$0 ,,,$0 ,,,$0 ,"$2,340,000 ",,"$2,340,000 ",,,$0 ,"$3,806,000 ",,"$1,944,000 ",,"$1,944,000 ",,,$0 ,,,$0 ,,,$0 ,,,$0 ,,,$0 ,"$1,951,000 ","$1,944,000 ",,"$1,944,000 ",,,$0 ,,,$0 ,,,$0 ,,,$0 ,"$2,340,000 ",,"$2,340,000 ","$4,284,000 ","$500,000 ",,"$500,000 ","$1,450,000 ",,"$1,450,000 ",,,$0 ,,,$0 ,,,$0 ,,,$0 ,,,,"$1,950,000 ","$1,944,000 ",,"$1,944,000 ",,,$0 ,,,$0 ,,,$0 ,,,$0 ,,,$0 ,"$1,951,000 "
,74428,PCS Process Support Equipment Automation (PLC) Asset Replacement,FXNL LT Appr,Jim Neeleman,Launch and Commercial Excellence,Stay in Business,Individual,,,,,"$200,000 ","$200,000 ","$900,000 ",,"$900,000 ","$900,000 ",,"$900,000 ","$935,000 ",,"$935,000 ",,,$0 ,,,$0 ,"$2,935,000 ",,,,$0 ,"$950,000 ","$8,000 ","$958,000 ","$950,000 ","$8,000 ","$958,000 ","$935,000 ",,"$935,000 ",,,$0 ,,,$0 ,"$2,851,000 ",,,$0 ,,"$200,000 ","$200,000 ","$900,000 ",,"$900,000 ","$900,000 ",,"$900,000 ","$935,000 ",,"$935,000 ",,,$0 ,"$2,935,000 ",,,$0 ,,,$0 ,"$950,000 ","$8,000 ","$958,000 ","$950,000 ","$8,000 ","$958,000 ","$935,000 ",,"$935,000 ",,,$0 ,,,,"$2,851,000 ",,,$0 ,"$950,000 ","$8,000 ","$958,000 ","$950,000 ","$8,000 ","$958,000 ","$935,000 ",,"$935,000 ",,,$0 ,,,$0 ,"$2,851,000 "
,74429,Mettler Toledo Weight Transmitter Conversion to Hardy Weight Transmitter - Asset Replacement,Execute,Scott Fields,Reliability and Value,Stay in Business,Individual,"$204,573 ",,,"$23,445 ",,"$23,445 ",,,$0 ,,,$0 ,,,$0 ,,,$0 ,,,$0 ,"$470,674 ",,"$350,000 ",,"$350,000 ",,,$0 ,,,$0 ,,,$0 ,,,$0 ,,,$0 ,"$661,000 ","$198,196 ",,"$198,196 ","$22,991 ",,"$22,991 ",,,$0 ,,,$0 ,,,$0 ,,,$0 ,"$463,843 ","$416,000 ",,"$416,000 ","$246,000 ",,"$246,000 ",,,$0 ,,,$0 ,,,$0 ,,,$0 ,,,,"$662,000 ","$350,000 ",,"$350,000 ",,,$0 ,,,$0 ,,,$0 ,,,$0 ,,,$0 ,"$661,000 "
FAC,74431,Buffer Prep Mezzanine Lift Construction,JPMT Appr,Scott Fields,Reliability and Value,SHE and K-Directives,Global,"$442,000 ",,,,,$0 ,,,$0 ,,,$0 ,,,$0 ,,,$0 ,,,$0 ,"$442,000 ",,"$442,000 ",,"$442,000 ",,,$0 ,,,$0 ,,,$0 ,,,$0 ,,,$0 ,"$442,000 ","$442,000 ",,"$442,000 ",,,$0 ,,,$0 ,,,$0 ,,,$0 ,,,$0 ,"$442,000 ","$100,000 ",,"$100,000 ","$428,000 ","$30,000 ","$458,000 ",,,$0 ,,,$0 ,,,$0 ,,,$0 ,,,,"$558,000 ","$442,000 ",,"$442,000 ",,,$0 ,,,$0 ,,,$0 ,,,$0 ,,,$0 ,"$442,000 "
,74432,K6 Program - Project 4 - Replace Chillers,FXNL LT Appr,Zaymar Sedra ,Fit for Purpose,SHE and K-Directives,Individual,,,,,,$0 ,"$2,650,000 ","$350,000 ","$3,000,000 ","$6,650,000 ",,"$6,650,000 ","$6,000,000 ",,"$6,000,000 ","$3,650,000 ",,"$3,650,000 ",,,$0 ,"$19,300,000 ",,,,$0 ,"$2,650,000 ","$350,000 ","$3,000,000 ","$6,650,000 ",,"$6,650,000 ","$6,000,000 ",,"$6,000,000 ","$3,650,000 ",,"$3,650,000 ",,,$0 ,"$19,300,000 ",,,$0 ,"$2,650,000 ","$350,000 ","$3,000,000 ","$6,650,000 ",,"$6,650,000 ","$6,000,000 ",,"$6,000,000 ","$3,650,000 ",,"$3,650,000 ",,,$0 ,"$19,300,000 ",,,$0 ,,,$0 ,"$2,650,000 ",,"$2,650,000 ","$6,650,000 ",,"$6,650,000 ","$5,650,000 ",,"$5,650,000 ","$3,650,000 ",,"$3,650,000 ",,,,"$18,600,000 ",,,$0 ,"$2,650,000 ","$350,000 ","$3,000,000 ","$6,650,000 ",,"$6,650,000 ","$6,000,000 ",,"$6,000,000 ","$3,650,000 ",,"$3,650,000 ",,,$0 ,"$19,300,000 "
,74435,Hastelloy Chromatography Column (160cm),FXNL LT Appr,Zaymar Sedra ,Fit for Purpose,Improvements and Efficiencies,Individual,"$400,000 ",,,"$1,149,000 ",,"$1,149,000 ",,,$0 ,,,$0 ,,,$0 ,,,$0 ,,,$0 ,"$1,549,000 ",,"$1,549,000 ",,"$1,549,000 ",,,$0 ,,,$0 ,,,$0 ,,,$0 ,,,$0 ,"$1,549,000 ",,,$0 ,"$1,549,000 ",,"$1,549,000 ",,,$0 ,,,$0 ,,,$0 ,,,$0 ,"$1,549,000 ",,,$0 ,,,$0 ,"$378,000 ",,"$378,000 ","$776,102 ",,"$776,102 ",,,$0 ,,,$0 ,,,,"$1,154,102 ","$1,549,000 ",,"$1,549,000 ",,,$0 ,,,$0 ,,,$0 ,,,$0 ,,,$0 ,"$1,549,000 "
,74453,NPI Pool Tanks,PTAA,Zaymar Sedra ,Fit for Purpose,Strategic,Individual,"$601,771 ","$2,484 ",,"$37,505 ",,"$37,505 ",,,$0 ,,,$0 ,,,$0 ,,,$0 ,,,$0 ,"$1,223,000 ",,"$452,919 ","$10,802 ","$463,721 ",,,$0 ,,,$0 ,,,$0 ,,,$0 ,,,$0 ,"$1,009,121 ","$684,545 ","$2,883 ","$687,428 ","$3,878 ",$0 ,"$3,878 ",,,$0 ,,,$0 ,,,$0 ,,,$0 ,"$1,272,546 ","$545,400 ",,"$545,400 ","$649,000 ",,"$649,000 ",,,$0 ,,,$0 ,,,$0 ,,,$0 ,,,,"$1,194,400 ","$452,919 ","$10,802 ","$463,721 ",,,$0 ,,,$0 ,,,$0 ,,,$0 ,,,$0 ,"$1,009,121 "
,74454,Seed Lab (20L Bioreactor),Execute,Zaymar Sedra ,Fit for Purpose,Strategic,Individual,"$912,870 ","$97,323 ",,"$438,751 ","$2,075 ","$440,826 ",,,$0 ,,,$0 ,,,$0 ,,,$0 ,,,$0 ,"$2,838,356 ",,"$938,961 ","$10,802 ","$949,763 ","$177,848 ","$9,518 ","$187,366 ",,,$0 ,,,$0 ,,,$0 ,,,$0 ,"$1,899,375 ","$954,867 ","$141,531 ","$1,096,398 ","$352,550 ","$2,075 ","$354,625 ",,,$0 ,,,$0 ,,,$0 ,,,$0 ,"$2,838,360 ","$755,170 ","$7,076 ","$762,246 ","$1,621,678 ","$32,708 ","$1,654,386 ","$177,848 ","$9,518 ","$187,366 ",,,$0 ,,,$0 ,,,$0 ,,,,"$2,603,998 ","$938,961 ","$10,802 ","$949,763 ","$177,848 ","$9,518 ","$187,366 ",,,$0 ,,,$0 ,,,$0 ,,,$0 ,"$1,899,375 "
,74455,3rd HCCF Vessel,Execute,Zaymar Sedra ,Fit for Purpose,Strategic,Individual,"$1,669,681 ","$34,808 ",,,,$0 ,,,$0 ,,,$0 ,,,$0 ,,,$0 ,,,$0 ,"$3,240,391 ",,"$2,328,891 ","$27,591 ","$2,356,482 ","$254,209 ","$13,607 ","$267,816 ",,,$0 ,,,$0 ,,,$0 ,,,$0 ,"$3,713,805 ","$2,027,438 ","$43,784 ","$2,071,222 ","$113,412 ",$464 ,"$113,876 ",,,$0 ,,,$0 ,,,$0 ,,,$0 ,"$3,721,000 ","$1,079,394 ","$10,113 ","$1,089,507 ","$2,292,065 ","$72,611 ","$2,364,676 ","$254,209 ","$13,607 ","$267,816 ",,,$0 ,,,$0 ,,,$0 ,,,,"$3,721,999 ","$2,328,891 ","$27,591 ","$2,356,482 ","$254,209 ","$13,607 ","$267,816 ",,,$0 ,,,$0 ,,,$0 ,,,$0 ,"$3,713,805 "
,74486,PCS Controller Cabinet Asset Replacement,Execute,Melanie Yevilov,Highly Capable Workforce,Stay in Business,Individual,"$2,294,000 ",,,"$110,000 ",,"$110,000 ",,,$0 ,,,$0 ,,,$0 ,,,$0 ,,,$0 ,"$2,404,000 ",,"$2,404,000 ",,"$2,404,000 ","$1,546,000 ",,"$1,546,000 ","$2,092,000 ",,"$2,092,000 ",,,$0 ,,,$0 ,,,$0 ,"$6,042,000 ","$2,294,000 ",,"$2,294,000 ","$110,000 ",,"$110,000 ",,,$0 ,,,$0 ,,,$0 ,,,$0 ,"$2,404,000 ","$450,000 ",,"$450,000 ","$1,000,000 ",,"$1,000,000 ","$2,275,000 ",,"$2,275,000 ","$2,275,000 ",,"$2,275,000 ",,,$0 ,,,$0 ,,,,"$6,000,000 ","$2,404,000 ",,"$2,404,000 ","$1,546,000 ",,"$1,546,000 ","$2,092,000 ",,"$2,092,000 ",,,$0 ,,,$0 ,,,$0 ,"$6,042,000 "
,74487,Process VSD and SOV Asset Replacement,Execute,Melanie Yevilov,Highly Capable Workforce,Stay in Business,Individual,"$3,599,797 ",,,"$2,925,031 ","$18,000 ","$2,943,031 ",,,$0 ,,,$0 ,,,$0 ,,,$0 ,,,$0 ,"$6,542,828 ",,"$4,542,000 ","$7,000 ","$4,549,000 ","$7,408,000 ","$18,000 ","$7,426,000 ","$5,427,000 ","$20,000 ","$5,447,000 ",,,$0 ,,,$0 ,,,$0 ,"$17,422,000 ","$3,599,318 ",,"$3,599,318 ","$2,925,031 ","$18,000 ","$2,943,031 ",,,$0 ,,,$0 ,,,$0 ,,,$0 ,"$6,542,349 ","$500,000 ",,"$500,000 ","$3,294,314 ",,"$3,294,314 ","$3,749,999 ",,"$3,749,999 ",,,$0 ,,,$0 ,,,$0 ,,,,"$7,544,313 ","$4,542,000 ","$7,000 ","$4,549,000 ","$7,408,000 ","$18,000 ","$7,426,000 ","$5,427,000 ","$20,000 ","$5,447,000 ",,,$0 ,,,$0 ,,,$0 ,"$17,422,000 "
,74489,4040 Avenida Conference Center Acquisition,Execute,Deidre Dunham,Exceptional Culture,Strategic,Individual,"$685,700 ",,,,,$0 ,,,$0 ,,,$0 ,,,$0 ,,,$0 ,,,$0 ,"$3,386,700 ",,"$688,000 ",,"$688,000 ",,,$0 ,,,$0 ,,,$0 ,,,$0 ,,,$0 ,"$3,388,000 ","$686,850 ",,"$686,850 ",,,$0 ,,,$0 ,,,$0 ,,,$0 ,,,$0 ,"$3,387,850 ","$2,700,000 ",,"$2,700,000 ",,,$0 ,,,$0 ,,,$0 ,,,$0 ,,,$0 ,,,,"$2,700,000 ","$688,000 ",,"$688,000 ",,,$0 ,,,$0 ,,,$0 ,,,$0 ,,,$0 ,"$3,388,000 "
,74490,Hyfish Material Screening Operation,Execute,Jim Neeleman,Reliability and Value,Improvements and Efficiencies,Individual,"$601,445 ",,,,,$0 ,,,$0 ,,,$0 ,,,$0 ,,,$0 ,,,$0 ,"$1,461,483 ",,"$460,000 ",,"$460,000 ",,,$0 ,,,$0 ,,,$0 ,,,$0 ,,,$0 ,"$1,242,000 ","$422,881 ",,"$422,881 ",,,$0 ,,,$0 ,,,$0 ,,,$0 ,,,$0 ,"$1,282,919 ","$734,000 ",,"$734,000 ","$734,000 ",,"$734,000 ",,,$0 ,,,$0 ,,,$0 ,,,$0 ,,,,"$1,468,000 ","$460,000 ",,"$460,000 ",,,$0 ,,,$0 ,,,$0 ,,,$0 ,,,$0 ,"$1,242,000 "
,74491,Etro Tech Transfer,Hold,Deidre Dunham,Launch and Commercial Excellence,Tech Transfers,Start-up,"$1,295,272 ","$69,004 ",,"$9,065,569 ","$3,771,061 ","$12,836,630 ","$3,267,374 ","$80,000 ","$3,347,374 ","$487,190 ","$20,600 ","$507,790 ","$61,490 ","$4,800 ","$66,290 ",,,$0 ,,,$0 ,"$18,122,360 ",,"$7,015,007 ","$200,000 ","$7,215,007 ","$11,618,688 ","$254,750 ","$11,873,438 ","$2,915,160 ","$82,980 ","$2,998,140 ","$232,200 ","$61,920 ","$294,120 ","$20,640 ","$47,520 ","$68,160 ",,,$0 ,"$22,448,865 ","$6,094,794 ","$116,900 ","$6,211,694 ","$12,701,630 ","$135,000 ","$12,836,630 ","$3,267,374 ","$80,000 ","$3,347,374 ","$487,190 ","$20,600 ","$507,790 ","$61,490 ","$4,800 ","$66,290 ",,,$0 ,"$22,969,778 ",,,$0 ,"$8,400,000 ","$50,000 ","$8,450,000 ","$8,400,000 ","$50,000 ","$8,450,000 ",,,$0 ,,,$0 ,,,$0 ,,,,"$16,900,000 ","$7,015,007 ","$200,000 ","$7,215,007 ","$11,618,688 ","$254,750 ","$11,873,438 ","$2,915,160 ","$82,980 ","$2,998,140 ","$232,200 ","$61,920 ","$294,120 ","$20,640 ","$47,520 ","$68,160 ",,,$0 ,"$22,448,865 "
,74510,PCS Asset Replacement - 2016,Execute,Zaymar Sedra ,Fit for Purpose,Stay in Business,Individual,"$1,765,839 ",$219 ,,"$149,000 ",,"$149,000 ",,,$0 ,,,$0 ,,,$0 ,,,$0 ,,,$0 ,"$1,915,058 ",,"$1,869,000 ",,"$1,869,000 ",,,$0 ,,,$0 ,,,$0 ,,,$0 ,,,$0 ,"$1,869,000 ","$1,745,958 ",$69 ,"$1,746,027 ","$149,000 ",,"$149,000 ",,,$0 ,,,$0 ,,,$0 ,,,$0 ,"$1,895,027 ",,,$0 ,,,$0 ,,,$0 ,,,$0 ,,,$0 ,,,$0 ,,,,$0 ,"$1,869,000 ",,"$1,869,000 ",,,$0 ,,,$0 ,,,$0 ,,,$0 ,,,$0 ,"$1,869,000 "
,,PCS Asset Replacement Depreciation Write-Off,,,,#N/A,Expense,,"$800,000 ",,,,$0 ,,,$0 ,,,$0 ,,,$0 ,,,$0 ,,,$0 ,"$800,000 ",,,,,,,,,,,,,,,,,,,,,,"$800,000 ","$800,000 ",,,$0 ,,,$0 ,,,$0 ,,,$0 ,,,$0 ,"$800,000 ",,,,,,,,,,,,,,,,,,,,,,,,,,,,,,,,,,,,,,,,,
,74511,QR018 Compliance Steam and Condensate Containment,Execute,Jim Neeleman,Reliability and Value,Stay in Business,Individual,"$1,943,300 ",,,"$3,074,500 ",,"$3,074,500 ",,,$0 ,,,$0 ,,,$0 ,,,$0 ,,,$0 ,"$5,017,800 ",,"$2,457,000 ","$45,000 ","$2,502,000 ","$2,471,000 ",,"$2,471,000 ",,,$0 ,,,$0 ,,,$0 ,,,$0 ,"$4,973,000 ","$1,943,300 ",,"$1,943,300 ","$3,074,500 ",,"$3,074,500 ",,,$0 ,,,$0 ,,,$0 ,,,$0 ,"$5,017,800 ",,,$0 ,,,$0 ,,,$0 ,,,$0 ,,,$0 ,,,$0 ,,,,$0 ,"$2,457,000 ","$45,000 ","$2,502,000 ","$2,471,000 ",,"$2,471,000 ",,,$0 ,,,$0 ,,,$0 ,,,$0 ,"$4,973,000 "
,74512,K6 Program - Project 2 - B381 Compliance,FXNL LT Appr,Zaymar Sedra ,Fit for Purpose,SHE and K-Directives,Individual,,,,,,$0 ,"$333,333 ","$22,222 ","$355,556 ","$416,667 ","$27,778 ","$444,444 ",,,$0 ,,,$0 ,,,$0 ,"$800,000 ",,,,$0 ,"$650,000 ","$50,000 ","$700,000 ",,,$0 ,,,$0 ,,,$0 ,,,$0 ,"$700,000 ",,,$0 ,"$333,333 ","$22,222 ","$355,556 ","$416,667 ","$27,778 ","$444,444 ",,,$0 ,,,$0 ,,,$0 ,"$800,000 ",,,$0 ,,,$0 ,,,$0 ,,,$0 ,,,$0 ,,,$0 ,,,,$0 ,,,$0 ,"$650,000 ","$50,000 ","$700,000 ",,,$0 ,,,$0 ,,,$0 ,,,$0 ,"$700,000 "
,74513,Electric Vehicle Charging Stations,Hold,Deidre Dunham,Exceptional Culture,Improvements and Efficiencies,Individual,,,,"$712,000 ","$18,000 ","$730,000 ",,,$0 ,,,$0 ,,,$0 ,,,$0 ,,,$0 ,"$730,000 ",,,,$0 ,"$712,000 ","$18,000 ","$730,000 ",,,$0 ,,,$0 ,,,$0 ,,,$0 ,"$730,000 ",,,$0 ,"$712,000 ","$18,000 ","$730,000 ",,,$0 ,,,$0 ,,,$0 ,,,$0 ,"$730,000 ",,,$0 ,,,$0 ,,,$0 ,,,$0 ,,,$0 ,,,$0 ,,,,$0 ,,,$0 ,"$712,000 ","$18,000 ","$730,000 ",,,$0 ,,,$0 ,,,$0 ,,,$0 ,"$730,000 "
FAE,76643,Optimize Column Movement Device,Execute,Melanie Yevilov,Highly Capable Workforce,SHE and K-Directives,Global,"$143,425 ",,,,,$0 ,,,$0 ,,,$0 ,,,$0 ,,,$0 ,,,$0 ,"$269,899 ",,"$128,000 ",,"$128,000 ",,,$0 ,,,$0 ,,,$0 ,,,$0 ,,,$0 ,"$196,000 ","$143,425 ",,"$143,425 ",,,$0 ,,,$0 ,,,$0 ,,,$0 ,,,$0 ,"$269,899 ","$167,000 ",,"$167,000 ","$186,000 ",,"$186,000 ",,,$0 ,,,$0 ,,,$0 ,,,$0 ,,,,"$353,000 ","$128,000 ",,"$128,000 ",,,$0 ,,,$0 ,,,$0 ,,,$0 ,,,$0 ,"$196,000 "
FAE,96069,Warehouse Crown Forklift Asset Replacement,Hold,Zaymar Sedra ,Fit for Purpose,Life Cycle Mgmt,Global,,,,"$144,407 ",,"$144,407 ",,,$0 ,,,$0 ,,,$0 ,,,$0 ,,,$0 ,"$144,407 ",,,,$0 ,"$144,407 ",,"$144,407 ",,,$0 ,,,$0 ,,,$0 ,,,$0 ,"$144,407 ",,,$0 ,"$144,407 ",,"$144,407 ",,,$0 ,,,$0 ,,,$0 ,,,$0 ,"$144,407 ","$144,407 ",,"$144,407 ",,,$0 ,,,$0 ,,,$0 ,,,$0 ,,,$0 ,,,,"$144,407 ",,,$0 ,"$144,407 ",,"$144,407 ",,,$0 ,,,$0 ,,,$0 ,,,$0 ,"$144,407 "
,96105,TMAC Tenderizer,Hold,Melanie Yevilov,Highly Capable Workforce,Stay in Business,Individual,,,,$0 ,,$0 ,,,$0 ,,,$0 ,,,$0 ,,,$0 ,,,$0 ,$0 ,,,,$0 ,"$575,000 ",,"$575,000 ",,,$0 ,,,$0 ,,,$0 ,,,$0 ,"$575,000 ",,,$0 ,,,$0 ,,,$0 ,,,$0 ,,,$0 ,,,$0 ,$0 ,,,$0 ,,,$0 ,,,$0 ,"$575,000 ",,"$575,000 ",,,$0 ,,,$0 ,,,,"$575,000 ",,,$0 ,"$575,000 ",,"$575,000 ",,,$0 ,,,$0 ,,,$0 ,,,$0 ,"$575,000 "
,96112,Maintenance Ops Shop Buildout,Budgeted,Zaymar Sedra ,Fit for Purpose,Improvements and Efficiencies,Individual,,,,,,$0 ,,,$0 ,"$500,000 ",,"$500,000 ","$2,500,000 ",,"$2,500,000 ",,,$0 ,,,$0 ,"$3,000,000 ",,,,$0 ,"$1,000,000 ",,"$1,000,000 ","$2,000,000 ",,"$2,000,000 ",,,$0 ,,,$0 ,,,$0 ,"$3,000,000 ",,,$0 ,"$500,000 ",,"$500,000 ","$2,500,000 ",,"$2,500,000 ",,,$0 ,,,$0 ,,,$0 ,"$3,000,000 ",,,$0 ,,,$0 ,,,$0 ,,,$0 ,,,$0 ,,,$0 ,,,,$0 ,,,$0 ,"$1,000,000 ",,"$1,000,000 ","$2,000,000 ",,"$2,000,000 ",,,$0 ,,,$0 ,,,$0 ,"$3,000,000 "
,96113,Bulk Product Storage -20/-40,Placeholder,Deidre Dunham,Launch Facility,Improvements and Efficiencies,Individual,,,,,,$0 ,,,$0 ,,,$0 ,"$10,000,000 ",,"$10,000,000 ",,,$0 ,,,$0 ,"$10,000,000 ",,,,$0 ,,,$0 ,,,$0 ,,,$0 ,"$10,000,000 ",,"$10,000,000 ",,,$0 ,"$10,000,000 ",,,$0 ,,,$0 ,,,$0 ,,,$0 ,"$10,000,000 ",,"$10,000,000 ",,,$0 ,"$10,000,000 ",,,$0 ,,,$0 ,,,$0 ,,,$0 ,,,$0 ,"$10,000,000 ",,"$10,000,000 ",,,,"$10,000,000 ",,,$0 ,,,$0 ,,,$0 ,,,$0 ,"$10,000,000 ",,"$10,000,000 ",,,$0 ,"$10,000,000 "
,96116,PCS Process Support Equipment Integration,Idea,Deidre Dunham,TBD,Improvements and Efficiencies,Individual,,,,,,$0 ,"$750,000 ","$750,000 ","$1,500,000 ","$750,000 ","$750,000 ","$1,500,000 ",,,$0 ,,,$0 ,,,$0 ,"$3,000,000 ",,,,$0 ,"$750,000 ","$750,000 ","$1,500,000 ","$750,000 ","$750,000 ","$1,500,000 ",,,$0 ,,,$0 ,,,$0 ,"$3,000,000 ",,,$0 ,,,$0 ,"$750,000 ","$750,000 ","$1,500,000 ","$750,000 ","$750,000 ","$1,500,000 ",,,$0 ,,,$0 ,"$3,000,000 ",,,$0 ,,,$0 ,"$750,000 ","$750,000 ","$1,500,000 ","$750,000 ","$750,000 ","$1,500,000 ",,,$0 ,,,$0 ,,,,"$3,000,000 ",,,$0 ,"$750,000 ","$750,000 ","$1,500,000 ","$750,000 ","$750,000 ","$1,500,000 ",,,$0 ,,,$0 ,,,$0 ,"$3,000,000 "
FAC,96117,MCS Manufacturing Area Wireless Access Point Asset Replacement - 2019,Idea,Deidre Dunham,Reliable,Life Cycle Mgmt,Global,,,,,,$0 ,,,$0 ,,,$0 ,"$440,000 ",,"$440,000 ",,,$0 ,,,$0 ,"$440,000 ",,,,$0 ,,,$0 ,,,$0 ,"$440,000 ",,"$440,000 ",,,$0 ,,,$0 ,"$440,000 ",,,$0 ,,,$0 ,,,$0 ,,,$0 ,"$440,000 ",,"$440,000 ",,,$0 ,"$440,000 ",,,$0 ,,,$0 ,,,$0 ,,,$0 ,"$440,000 ",,"$440,000 ",,,$0 ,,,,"$440,000 ",,,$0 ,,,$0 ,,,$0 ,"$440,000 ",,"$440,000 ",,,$0 ,,,$0 ,"$440,000 "
,74527,Vessel 1020 Upgrade,Idea,Zaymar Sedra ,Fit for Purpose,Stay in Business,Individual,$0 ,,,,,$0 ,"$3,700,000 ","$100,000 ","$3,800,000 ","$100,000 ",,"$100,000 ",,,$0 ,,,$0 ,,,$0 ,"$3,900,000 ",,"$2,646,000 ",,"$2,646,000 ","$11,013,000 ",,"$11,013,000 ",,,$0 ,,,$0 ,,,$0 ,,,$0 ,"$13,659,000 ",,,$0 ,"$4,859,000 ",,"$4,859,000 ",,,$0 ,,,$0 ,,,$0 ,,,$0 ,"$4,859,000 ",,,$0 ,,,$0 ,,,$0 ,,,$0 ,,,$0 ,,,$0 ,,,,$0 ,"$2,646,000 ",,"$2,646,000 ","$11,013,000 ",,"$11,013,000 ",,,$0 ,,,$0 ,,,$0 ,,,$0 ,"$13,659,000 "
,96124,Perjeta Tech Transfer,Idea,Jim Neeleman,Launch and Commercial Excellence,Tech Transfers,Start-up,,,,"$8,793,594 ","$147,070 ","$8,940,664 ","$61,780,285 ","$16,999,060 ","$78,779,345 ","$1,376,100 ","$55,330 ","$1,431,430 ","$349,305 ","$19,800 ","$369,105 ","$38,280 ","$40,920 ","$79,200 ",,,$0 ,"$89,599,744 ",,,,$0 ,"$8,000,000 ","$50,000 ","$8,050,000 ","$8,400,000 ","$50,000 ","$8,450,000 ",,,$0 ,,,$0 ,,,$0 ,"$16,500,000 ",,,$0 ,"$8,793,594 ","$147,070 ","$8,940,664 ","$78,610,055 ","$169,290 ","$78,779,345 ","$1,376,100 ","$55,330 ","$1,431,430 ","$349,305 ","$19,800 ","$369,105 ","$38,280 ","$40,920 ","$79,200 ","$89,599,744 ",,,$0 ,,,$0 ,"$8,000,000 ","$50,000 ","$8,050,000 ","$8,400,000 ","$50,000 ","$8,450,000 ",,,$0 ,,,$0 ,,,,"$16,500,000 ",,,$0 ,"$8,000,000 ","$50,000 ","$8,050,000 ","$8,400,000 ","$50,000 ","$8,450,000 ",,,$0 ,,,$0 ,,,$0 ,"$16,500,000 "
,96125,Flu A Tech Transfer,Idea,Deidre Dunham,Launch and Commercial Excellence,Tech Transfers,Start-up,,,,,,$0 ,,,$0 ,"$8,793,594 ","$147,070 ","$8,940,664 ","$24,767,312 ","$6,402,538 ","$31,169,850 ","$1,376,100 ","$55,330 ","$1,431,430 ",,,$0 ,"$41,541,944 ",,,,$0 ,,,$0 ,"$8,000,000 ","$50,000 ","$8,050,000 ","$8,400,000 ","$50,000 ","$8,450,000 ",,,$0 ,,,$0 ,"$16,500,000 ",,,$0 ,,,$0 ,,,$0 ,"$8,793,594 ","$147,070 ","$8,940,664 ","$31,000,560 ","$169,290 ","$31,169,850 ","$1,376,100 ","$55,330 ","$1,431,430 ","$41,541,944 ",,,$0 ,,,$0 ,,,$0 ,"$8,000,000 ","$50,000 ","$8,050,000 ","$8,400,000 ","$50,000 ","$8,450,000 ",,,$0 ,,,,"$16,500,000 ",,,$0 ,,,$0 ,"$8,000,000 ","$50,000 ","$8,050,000 ","$8,400,000 ","$50,000 ","$8,450,000 ",,,$0 ,,,$0 ,"$16,500,000 "
,96126,Flu B Tech Transfer,Idea,Deidre Dunham,Launch and Commercial Excellence,Tech Transfers,Start-up,,,,,,$0 ,,,$0 ,,,$0 ,"$8,793,594 ","$147,070 ","$8,940,664 ","$22,558,264 ","$6,194,763 ","$28,753,027 ",,,$0 ,"$37,693,691 ",,,,$0 ,,,$0 ,,,$0 ,"$8,000,000 ","$50,000 ","$8,050,000 ","$8,400,000 ","$50,000 ","$8,450,000 ",,,$0 ,"$16,500,000 ",,,$0 ,,,$0 ,,,$0 ,,,$0 ,"$8,793,594 ","$147,070 ","$8,940,664 ","$28,583,737 ","$169,290 ","$28,753,027 ","$37,693,691 ",,,$0 ,,,$0 ,,,$0 ,,,$0 ,"$8,000,000 ","$50,000 ","$8,050,000 ","$8,400,000 ","$50,000 ","$8,450,000 ",,,,"$16,500,000 ",,,$0 ,,,$0 ,,,$0 ,"$8,000,000 ","$50,000 ","$8,050,000 ","$8,400,000 ","$50,000 ","$8,450,000 ",,,$0 ,"$16,500,000 "
,74546,Mezzanine Safety Shower/Eye Wash Station Install,IMPACT Appr,Melanie Yevilov,Highly Capable Workforce,SHE and K-Directives,Individual,"$450,000 ",,,"$436,000 ",,"$436,000 ",,,$0 ,,,$0 ,,,$0 ,,,$0 ,,,$0 ,"$886,000 ",,"$210,000 ",,"$210,000 ",,,$0 ,,,$0 ,,,$0 ,,,$0 ,,,$0 ,"$210,000 ","$100,000 ",,"$100,000 ","$785,864 ",,"$785,864 ",,,$0 ,,,$0 ,,,$0 ,,,$0 ,"$885,864 ",,,$0 ,"$210,000 ",,"$210,000 ",,,$0 ,,,$0 ,,,$0 ,,,$0 ,,,,"$210,000 ","$210,000 ",,"$210,000 ",,,$0 ,,,$0 ,,,$0 ,,,$0 ,,,$0 ,"$210,000 "
FAE,96133,QC Rapid Scan RDI System,Hold,Jim Neeleman,Launch and Commercial Excellence,New Technologies,Global,,,,"$210,000 ",,"$210,000 ",,,$0 ,,,$0 ,,,$0 ,,,$0 ,,,$0 ,"$210,000 ",,,,$0 ,"$210,000 ",,"$210,000 ",,,$0 ,,,$0 ,,,$0 ,,,$0 ,"$210,000 ",,,$0 ,"$210,000 ",,"$210,000 ",,,$0 ,,,$0 ,,,$0 ,,,$0 ,"$210,000 ",,,$0 ,,,$0 ,,,$0 ,,,$0 ,,,$0 ,,,$0 ,,,,$0 ,,,$0 ,"$210,000 ",,"$210,000 ",,,$0 ,,,$0 ,,,$0 ,,,$0 ,"$210,000 "
FAE,96135,QC Spectrophotometers,Hold,Deidre Dunham,Highly Capable Workforce,Global,$0 ,,,,,,$0 ,,,$0 ,,,$0 ,,,$0 ,,,$0 ,,,$0 ,$0 ,,"$327,522 ",,"$327,522 ",,,$0 ,,,$0 ,,,$0 ,,,$0 ,,,$0 ,"$327,522 ","$23,000 ",,"$23,000 ",,,$0 ,,,$0 ,,,$0 ,,,$0 ,,,$0 ,"$23,000 ",,,$0 ,,,$0 ,,,$0 ,,,$0 ,,,$0 ,,,$0 ,,,,$0 ,"$327,522 ",,"$327,522 ",,,$0 ,,,$0 ,,,$0 ,,,$0 ,,,$0 ,"$327,522 "
FAC,96136,V-3007 Replacement,FXNL LT Appr,Zaymar Sedra ,Fit for Purpose,Life Cycle Mgmt,Global,,,,"$120,000 ",,"$120,000 ","$120,000 ",,"$120,000 ",,,$0 ,,,$0 ,,,$0 ,,,$0 ,"$240,000 ",,,,$0 ,"$240,000 ",,"$240,000 ",,,$0 ,,,$0 ,,,$0 ,,,$0 ,"$240,000 ",,,$0 ,"$120,000 ",,"$120,000 ","$120,000 ",,"$120,000 ",,,$0 ,,,$0 ,,,$0 ,"$240,000 ",,,$0 ,"$240,000 ",,"$240,000 ",,,$0 ,,,$0 ,,,$0 ,,,$0 ,,,,"$240,000 ",,,$0 ,"$240,000 ",,"$240,000 ",,,$0 ,,,$0 ,,,$0 ,,,$0 ,"$240,000 "
FAC,96137,Security Systems Upgrade,JPMT Appr,Deidre Dunham,Exceptional Culture,SHE and K-Directives,Global,"$200,000 ",,,,,$0 ,,,$0 ,,,$0 ,,,$0 ,,,$0 ,,,$0 ,"$200,000 ",,"$250,000 ",,"$250,000 ",,,$0 ,,,$0 ,,,$0 ,,,$0 ,,,$0 ,"$250,000 ","$175,000 ",,"$175,000 ",,,$0 ,,,$0 ,,,$0 ,,,$0 ,,,$0 ,"$175,000 ",,,$0 ,,,$0 ,,,$0 ,,,$0 ,,,$0 ,,,$0 ,,,,$0 ,"$250,000 ",,"$250,000 ",,,$0 ,,,$0 ,,,$0 ,,,$0 ,,,$0 ,"$250,000 "
FAC,96139,Trash Bin Storm Water Mitigation,FXNL LT Appr,Deidre Dunham,Exceptional Culture,SHE and K-Directives,Global,,,,"$200,000 ",,"$200,000 ",,,$0 ,,,$0 ,,,$0 ,,,$0 ,,,$0 ,"$200,000 ",,"$200,000 ",,"$200,000 ",,,$0 ,,,$0 ,,,$0 ,,,$0 ,,,$0 ,"$200,000 ",,,$0 ,"$200,000 ",,"$200,000 ",,,$0 ,,,$0 ,,,$0 ,,,$0 ,"$200,000 ",,,$0 ,,,$0 ,,,$0 ,,,$0 ,,,$0 ,,,$0 ,,,,$0 ,"$200,000 ",,"$200,000 ",,,$0 ,,,$0 ,,,$0 ,,,$0 ,,,$0 ,"$200,000 "
FAE,65066,Appleton Tank Mover,Hold,Melanie Yevilov,Highly Capable Workforce,SHE and K-Directives,Global,"$73,000 ",,,,,$0 ,,,$0 ,,,$0 ,,,$0 ,,,$0 ,,,$0 ,"$73,000 ",,,,$0 ,"$80,000 ",,"$80,000 ",,,$0 ,,,$0 ,,,$0 ,,,$0 ,"$80,000 ","$73,000 ",,"$73,000 ",,,$0 ,,,$0 ,,,$0 ,,,$0 ,,,$0 ,"$73,000 ",,,$0 ,,,$0 ,,,$0 ,,,$0 ,,,$0 ,,,$0 ,,,,$0 ,,,$0 ,"$80,000 ",,"$80,000 ",,,$0 ,,,$0 ,,,$0 ,,,$0 ,"$80,000 "
FAE,65021,Hazardous Material Response Cart,Execute,Melanie Yevilov,Highly Capable Workforce,SHE and K-Directives,Global,"$17,985 ",,,,,$0 ,,,$0 ,,,$0 ,,,$0 ,,,$0 ,,,$0 ,"$17,985 ",,,,$0 ,,,$0 ,,,$0 ,,,$0 ,,,$0 ,,,$0 ,"$18,000 ","$19,424 ",,"$19,424 ",,,$0 ,,,$0 ,,,$0 ,,,$0 ,,,$0 ,"$19,424 ",,,$0 ,,,$0 ,,,$0 ,,,$0 ,,,$0 ,,,$0 ,,,,$0 ,,,$0 ,,,$0 ,,,$0 ,,,$0 ,,,$0 ,,,$0 ,"$18,000 "
FAC,96159,OCC Network Remediation,Idea,Zaymar Sedra ,Fit for Purpose,Improvements and Efficiencies,Global,"$150,000 ",,,,,$0 ,,,$0 ,,,$0 ,,,$0 ,,,$0 ,,,$0 ,"$150,000 ",,"$150,000 ",,"$150,000 ",,,$0 ,,,$0 ,,,$0 ,,,$0 ,,,$0 ,"$150,000 ","$150,000 ",,"$150,000 ",,,$0 ,,,$0 ,,,$0 ,,,$0 ,,,$0 ,"$150,000 ",,,$0 ,,,$0 ,,,$0 ,,,$0 ,,,$0 ,,,$0 ,,,,$0 ,"$150,000 ",,"$150,000 ",,,$0 ,,,$0 ,,,$0 ,,,$0 ,,,$0 ,"$150,000 "
,96165,WAN Link Redundancy,Hold,Scott Fields,Reliability and Value,Improvements and Efficiencies,Individual,,,,,,$0 ,,,$0 ,,,$0 ,,,$0 ,,,$0 ,,,$0 ,$0 ,,,,$0 ,"$2,000,000 ",,"$2,000,000 ",,,$0 ,,,$0 ,,,$0 ,,,$0 ,"$2,000,000 ",,,$0 ,"$2,000,000 ",,"$2,000,000 ",,,$0 ,,,$0 ,,,$0 ,,,$0 ,"$2,000,000 ",,,$0 ,,,$0 ,,,$0 ,,,$0 ,,,$0 ,,,$0 ,,,,$0 ,,,$0 ,"$2,000,000 ",,"$2,000,000 ",,,$0 ,,,$0 ,,,$0 ,,,$0 ,"$2,000,000 "
FAC,96163,MFG Depth Filter Housing,Idea,Zaymar Sedra ,Reliability and Value,Stay in Business,Global,,,,"$300,000 ","$100,000 ","$400,000 ",,,$0 ,,,$0 ,,,$0 ,,,$0 ,,,$0 ,"$400,000 ",,,,$0 ,"$300,000 ","$100,000 ","$400,000 ",,,$0 ,,,$0 ,,,$0 ,,,$0 ,"$400,000 ",,,$0 ,"$300,000 ","$100,000 ","$400,000 ",,,$0 ,,,$0 ,,,$0 ,,,$0 ,"$400,000 ",,,$0 ,,,$0 ,,,$0 ,,,$0 ,,,$0 ,,,$0 ,,,,$0 ,,,$0 ,"$300,000 ","$100,000 ","$400,000 ",,,$0 ,,,$0 ,,,$0 ,,,$0 ,"$400,000 "
FAC,96164,Hazardous Materials Containers Washing Station,Hold,Melanie Yevilov,Highly Capable Workforce,SHE and K-Directives,Global,,,,"$30,000 ",,"$30,000 ",,,$0 ,,,$0 ,,,$0 ,,,$0 ,,,$0 ,"$30,000 ",,"$30,000 ",,"$30,000 ",,,$0 ,,,$0 ,,,$0 ,,,$0 ,,,$0 ,"$30,000 ",,,$0 ,"$30,000 ",,"$30,000 ",,,$0 ,,,$0 ,,,$0 ,,,$0 ,"$30,000 ",,,$0 ,,,$0 ,,,$0 ,,,$0 ,,,$0 ,,,$0 ,,,,$0 ,"$30,000 ",,"$30,000 ",,,$0 ,,,$0 ,,,$0 ,,,$0 ,,,$0 ,"$30,000 "
FAC,96167,Emergency Generator High Level Alarm,Idea,Melanie Yevilov,Reliability and Value,SHE and K-Directives,Global,"$25,000 ",,,,,$0 ,,,$0 ,,,$0 ,,,$0 ,,,$0 ,,,$0 ,"$25,000 ",,"$25,000 ",,"$25,000 ",,,$0 ,,,$0 ,,,$0 ,,,$0 ,,,$0 ,"$25,000 ","$25,000 ",,"$25,000 ",,,$0 ,,,$0 ,,,$0 ,,,$0 ,,,$0 ,"$25,000 ",,,$0 ,,,$0 ,,,$0 ,,,$0 ,,,$0 ,,,$0 ,,,,$0 ,"$25,000 ",,"$25,000 ",,,$0 ,,,$0 ,,,$0 ,,,$0 ,,,$0 ,"$25,000 "
FAC,96168,Replace Warehouse #321 Sprinkler Heads,Idea,Melanie Yevilov,Highly Capable Workforce,SHE and K-Directives,Global,"$20,000 ",,,,,$0 ,,,$0 ,,,$0 ,,,$0 ,,,$0 ,,,$0 ,"$20,000 ",,"$20,000 ",,"$20,000 ",,,$0 ,,,$0 ,,,$0 ,,,$0 ,,,$0 ,"$20,000 ","$20,000 ",,"$20,000 ",,,$0 ,,,$0 ,,,$0 ,,,$0 ,,,$0 ,"$20,000 ",,,$0 ,,,$0 ,,,$0 ,,,$0 ,,,$0 ,,,$0 ,,,,$0 ,"$20,000 ",,"$20,000 ",,,$0 ,,,$0 ,,,$0 ,,,$0 ,,,$0 ,"$20,000 "
,74526,Utility and Process Safety System,FXNL LT Appr,Scott Fields,Reliability and Value,SHE and K-Directives,Individual,"$1,882,404 ",,,"$57,596 ",,"$57,596 ",,,$0 ,,,$0 ,,,$0 ,,,$0 ,,,$0 ,"$1,940,000 ",,"$1,700,000 ",,"$1,700,000 ",,,$0 ,,,$0 ,,,$0 ,,,$0 ,,,$0 ,"$1,700,000 ","$1,190,000 ",,"$1,190,000 ","$510,000 ",,"$510,000 ",,,$0 ,,,$0 ,,,$0 ,,,$0 ,"$1,700,000 ",,,$0 ,,,$0 ,,,$0 ,,,$0 ,,,$0 ,,,$0 ,,,,$0 ,"$1,700,000 ",,"$1,700,000 ",,,$0 ,,,$0 ,,,$0 ,,,$0 ,,,$0 ,"$1,700,000 "
,98026,Launch Capability Program (LCP),Execute,Jim Neeleman,Launch and Commercial Excellence,Tech Transfers,N/A,,"$800,000 ",,,,$0 ,,,$0 ,,,$0 ,,,$0 ,,,$0 ,,,$0 ,"$800,000 ",,,"$800,000 ","$800,000 ",,,$0 ,,,$0 ,,,$0 ,,,$0 ,,,$0 ,"$800,000 ",,"$800,000 ","$800,000 ",,,$0 ,,,$0 ,,,$0 ,,,$0 ,,,$0 ,"$800,000 ",,,$0 ,,,$0 ,,,$0 ,,,$0 ,,,$0 ,,,$0 ,,,,$0 ,,"$800,000 ","$800,000 ",,,$0 ,,,$0 ,,,$0 ,,,$0 ,,,$0 ,"$800,000 "
,74525,CIP Reliability and Efficiency - PI,Idea,#N/A,Reliability and Value,#N/A,Individual,,$0 ,,,,$0 ,,,$0 ,$0 ,,$0 ,,,$0 ,,,$0 ,,,$0 ,$0 ,,,"$400,000 ","$400,000 ","$1,000,000 ",,"$1,000,000 ","$2,000,000 ",,"$2,000,000 ","$1,000,000 ",,"$1,000,000 ",,,$0 ,,,$0 ,"$4,400,000 ",,,$0 ,,,$0 ,,,$0 ,,,$0 ,,,$0 ,,,$0 ,$0 ,,,$0 ,,,$0 ,,,$0 ,"$1,000,000 ",,"$1,000,000 ","$2,000,000 ",,"$2,000,000 ","$1,000,000 ",,"$1,000,000 ",,,,"$4,000,000 ",,"$400,000 ","$400,000 ","$1,000,000 ",,"$1,000,000 ","$2,000,000 ",,"$2,000,000 ","$1,000,000 ",,"$1,000,000 ",,,$0 ,,,$0 ,"$4,400,000 "
FAE,65005,Analytical Scale,Execute,Scott Fields,Reliability and Value,New Technologies,Global,"$24,238 ",,,,,$0 ,,,$0 ,,,$0 ,,,$0 ,,,$0 ,,,$0 ,"$24,238 ",,,,,,,,,,,,,,,,,,,,,"$24,238 ",,"$24,238 ",,,$0 ,,,$0 ,,,$0 ,,,$0 ,,,$0 ,"$24,238 ",,,$0 ,,,$0 ,,,$0 ,,,$0 ,,,$0 ,,,$0 ,,,,$0 ,,,,,,,,,,,,,,,,,,,
FAE,65009,Drum Mover/Raw Material Tenderizer,Execute,Jim Neeleman,Highly Capable Workforce,SHE and K-Directives,Global,"$30,000 ","$4,000 ",,,,$0 ,,,$0 ,,,$0 ,,,$0 ,,,$0 ,,,$0 ,"$34,000 ",,,"$25,000 ","$25,000 ",,,$0 ,,,$0 ,,,$0 ,,,$0 ,,,$0 ,"$25,000 ","$30,000 ","$4,000 ","$34,000 ",,,$0 ,,,$0 ,,,$0 ,,,$0 ,,,$0 ,"$34,000 ",,,$0 ,,,$0 ,,,$0 ,,,$0 ,,,$0 ,,,$0 ,,,,$0 ,,"$25,000 ","$25,000 ",,,$0 ,,,$0 ,,,$0 ,,,$0 ,,,$0 ,"$25,000 "
FAE,65020,QC Auto-Pipettor for Potency Assay,Execute,Melanie Yevilov,Reliability and Value,SHE and K-Directives,Global,"$27,987 ",,,,,$0 ,,,$0 ,,,$0 ,,,$0 ,,,$0 ,,,$0 ,"$27,987 ",,,,,,,,,,,,,,,,,,,,,"$27,987 ",,"$27,987 ",,,$0 ,,,$0 ,,,$0 ,,,$0 ,,,$0 ,"$27,987 ",,,$0 ,,,$0 ,,,$0 ,,,$0 ,,,$0 ,,,$0 ,,,,$0 ,,,,,,,,,,,,,,,,,,,
FAE,65023,QC Plate Washer for Potency Assay,Execute,Jim Neeleman,Launch and Commercial Excellence,New Technologies,Global,"$56,795 ",,,,,$0 ,,,$0 ,,,$0 ,,,$0 ,,,$0 ,,,$0 ,"$56,795 ",,,,,,,,,,,,,,,,,,,,,"$56,795 ",,"$56,795 ",,,$0 ,,,$0 ,,,$0 ,,,$0 ,,,$0 ,"$56,795 ",,,$0 ,,,$0 ,,,$0 ,,,$0 ,,,$0 ,,,$0 ,,,,$0 ,,,,,,,,,,,,,,,,,,,
FAE,65018,Spare Bowl for Hermetic Centrifuge,Execute,Zaymar Sedra ,Fit for Purpose,Improvements and Efficiencies,Global,"$320,000 ",,,,,$0 ,,,$0 ,,,$0 ,,,$0 ,,,$0 ,,,$0 ,"$320,000 ",,,,,,,,,,,,,,,,,,,,,"$320,000 ",,"$320,000 ",,,$0 ,,,$0 ,,,$0 ,,,$0 ,,,$0 ,"$320,000 ",,,$0 ,,,$0 ,,,$0 ,,,$0 ,,,$0 ,,,$0 ,,,,$0 ,,,,,,,,,,,,,,,,,,,
FAE,65015,Lower Solid Collector for Centrifuge,Execute,Scott Fields,Reliability and Value,Improvements and Efficiencies,Global,"$142,000 ",,,,,$0 ,,,$0 ,,,$0 ,,,$0 ,,,$0 ,,,$0 ,"$142,000 ",,,,,,,,,,,,,,,,,,,,,"$245,000 ",,"$245,000 ",,,$0 ,,,$0 ,,,$0 ,,,$0 ,,,$0 ,"$245,000 ",,,$0 ,,,$0 ,,,$0 ,,,$0 ,,,$0 ,,,$0 ,,,,$0 ,,,,,,,,,,,,,,,,,,,
FAE,65024,Sci&Eng Lab Incubator and Freezer Asset Replacement,Execute,Jim Neeleman,Launch and Commercial Excellence,Stay in Business,Global,"$129,028 ",,,,,$0 ,,,$0 ,,,$0 ,,,$0 ,,,$0 ,,,$0 ,"$129,028 ",,,,,,,,,,,,,,,,,,,,,"$140,000 ",,"$140,000 ","$488,779 ",,"$488,779 ",,,$0 ,,,$0 ,,,$0 ,,,$0 ,"$628,779 ",,,$0 ,,,$0 ,,,$0 ,,,$0 ,,,$0 ,,,$0 ,,,,$0 ,,,,,,,,,,,,,,,,,,,
FAE,96169,Level Indicator Transmitters,Idea,Zaymar Sedra ,Fit for Purpose,New Technologies,Global,"$70,000 ",,,,,$0 ,,,$0 ,,,$0 ,,,$0 ,,,$0 ,,,$0 ,"$70,000 ",,,,,,,,,,,,,,,,,,,,,"$70,000 ",,"$70,000 ",,,$0 ,,,$0 ,,,$0 ,,,$0 ,,,$0 ,"$70,000 ",,,,,,,,,,,,,,,,,,,,,,,,,,,,,,,,,,,,,,,,,
,74535,Draining of Top Mounted Agitator Well (CAPA 1140940),Execute,Jim Neeleman,Reliability and Value,Stay in Business,Individual,"$306,000 ",,,"$654,000 ",,"$654,000 ",,,$0 ,,,$0 ,,,$0 ,,,$0 ,,,$0 ,"$960,000 ",,,,,,,,,,,,,,,,,,,,,"$306,000 ",,"$306,000 ","$654,000 ",,"$654,000 ",,,$0 ,,,$0 ,,,$0 ,,,$0 ,"$960,000 ",,,,,,,,,,,,,,,,,,,,,,,,,,,,,,,,,,,,,,,,,
FAC,65044,Additional MCS Backup Storage,Execute,Scott Fields,Reliability and Value,Improvements and Efficiencies,Global,"$62,000 ",,,,,$0 ,,,$0 ,,,$0 ,,,$0 ,,,$0 ,,,$0 ,"$62,000 ",,,,,,,,,,,,,,,,,,,,,"$62,000 ",,"$62,000 ",,,$0 ,,,$0 ,,,$0 ,,,$0 ,,,$0 ,"$62,000 ",,,,,,,,,,,,,,,,,,,,,,,,,,,,,,,,,,,,,,,,,
FAE,65037,Analytical Scales (CAPA1150248),Execute,Scott Fields,Reliability and Value,New Technologies,Global,"$23,997 ",,,,,$0 ,,,$0 ,,,$0 ,,,$0 ,,,$0 ,,,$0 ,"$23,997 ",,,,,,,,,,,,,,,,,,,,,"$23,914 ",,"$23,914 ",,,$0 ,,,$0 ,,,$0 ,,,$0 ,,,$0 ,"$23,914 ",,,,,,,,,,,,,,,,,,,,,,,,,,,,,,,,,,,,,,,,,
FAC,96174,Fall Protection Phase II,CA Routing,TBD,TBD,SHE and K-Directives,Global,"$130,000 ",,,"$5,000 ",,"$5,000 ",,,$0 ,,,$0 ,,,$0 ,,,$0 ,,,$0 ,"$135,000 ",,,,,,,,,,,,,,,,,,,,,"$135,000 ",,"$135,000 ",,,$0 ,,,$0 ,,,$0 ,,,$0 ,,,$0 ,"$135,000 ",,,,,,,,,,,,,,,,,,,,,,,,,,,,,,,,,,,,,,,,,
FAE,65040,Sci&Eng Cryofreezer,Execute,Jim Neeleman,Launch and Commercial Excellence,Stay in Business,Global,"$20,185 ",,,,,$0 ,,,$0 ,,,$0 ,,,$0 ,,,$0 ,,,$0 ,"$20,185 ",,,,,,,,,,,,,,,,,,,,,"$20,185 ",,"$20,185 ",,,$0 ,,,$0 ,,,$0 ,,,$0 ,,,$0 ,"$20,185 ",,,,,,,,,,,,,,,,,,,,,,,,,,,,,,,,,,,,,,,,,
FAE,65048,Process Maintenance Boroscope,Execute,Jim Neeleman,Reliability and Value,Stay in Business,Global,"$35,008 ",,,,,$0 ,,,$0 ,,,$0 ,,,$0 ,,,$0 ,,,$0 ,"$35,008 ",,,,,,,,,,,,,,,,,,,,,"$37,000 ",,"$37,000 ",,,$0 ,,,$0 ,,,$0 ,,,$0 ,,,$0 ,"$37,000 ",,,,,,,,,,,,,,,,,,,,,,,,,,,,,,,,,,,,,,,,,
,96177,Efficiency Projects,Placeholder,Scott Fields,Reliability and Value,Improvements and Efficiencies,Individual,,,,"$3,000,000 ",,"$3,000,000 ","$3,000,000 ",,"$3,000,000 ","$3,000,000 ",,"$3,000,000 ","$3,000,000 ",,"$3,000,000 ","$3,000,000 ",,"$3,000,000 ",,,$0 ,"$15,000,000 ",,,,,,,,,,,,,,,,,,,,,,,$0 ,"$3,000,000 ",,"$3,000,000 ","$3,000,000 ",,"$3,000,000 ","$3,000,000 ",,"$3,000,000 ","$3,000,000 ",,"$3,000,000 ","$3,000,000 ",,"$3,000,000 ","$15,000,000 ",,,,,,,,,,,,,,,,,,,,,,,,,,,,,,,,,,,,,,,,,
,96178,Process VSD and SOV Replacement - Phase 2,,,,Stay in Business,Individual,,,,,,$0 ,"$2,500,000 ",,"$2,500,000 ","$3,000,000 ",,"$3,000,000 ",,,$0 ,,,$0 ,,,$0 ,"$5,500,000 ",,,,,,,,,,,,,,,,,,,,,,,$0 ,,,$0 ,"$2,500,000 ",,"$2,500,000 ","$3,000,000 ",,"$3,000,000 ",,,$0 ,,,$0 ,"$5,500,000 ",,,,,,,,,,,,,,,,,,,,,,,,,,,,,,,,,,,,,,,,,
,96179,Process VSD and SOV Replacement - Phase 3,,,,Stay in Business,Individual,,,,,,$0 ,,,$0 ,"$458,000 ",,"$458,000 ","$5,000,000 ",,"$5,000,000 ",,,$0 ,,,$0 ,"$5,458,000 ",,,,,,,,,,,,,,,,,,,,,,,$0 ,,,$0 ,,,$0 ,"$458,000 ",,"$458,000 ","$5,000,000 ",,"$5,000,000 ",,,$0 ,"$5,458,000 ",,,,,,,,,,,,,,,,,,,,,,,,,,,,,,,,,,,,,,,,,
,96180,TMAC Waste System Improvements,,,,Stay in Business,Individual,,,,"$1,500,000 ",,"$1,500,000 ",,,$0 ,,,$0 ,,,$0 ,,,$0 ,,,$0 ,"$1,500,000 ",,,,,,,,,,,,,,,,,,,,,,,$0 ,"$1,500,000 ",,"$1,500,000 ",,,$0 ,,,$0 ,,,$0 ,,,$0 ,"$1,500,000 ",,,,,,,,,,,,,,,,,,,,,,,,,,,,,,,,,,,,,,,,,
FAC,96181,Fall Protection Phase III,,,,SHE and K-Directives,Global,,,,"$130,000 ","$20,000 ","$150,000 ",,,$0 ,,,$0 ,,,$0 ,,,$0 ,,,$0 ,"$150,000 ",,,,,,,,,,,,,,,,,,,,,,,$0 ,"$100,000 ",,"$100,000 ",,,$0 ,,,$0 ,,,$0 ,,,$0 ,"$100,000 ",,,,,,,,,,,,,,,,,,,,,,,,,,,,,,,,,,,,,,,,,
FAC,96183,Site Signage Upgrade,,,,Stay in Business,Global,,,,"$175,000 ","$25,000 ","$200,000 ",,,$0 ,,,$0 ,,,$0 ,,,$0 ,,,$0 ,"$200,000 ",,,,,,,,,,,,,,,,,,,,,,,$0 ,"$200,000 ",,"$200,000 ",,,$0 ,,,$0 ,,,$0 ,,,$0 ,"$200,000 ",,,$0 ,,,$0 ,,,$0 ,,,$0 ,,,$0 ,,,$0 ,,,,,,,,,,,,,,,,,,,,,,,
,96191,Utility and Process Safety System Phase 2,,,,Stay in Business,Individual,,,,"$2,000,000 ",,"$2,000,000 ",,,$0 ,,,$0 ,,,$0 ,,,$0 ,,,$0 ,"$2,000,000 ",,,,,,,,,,,,,,,,,,,,,,,$0 ,"$2,000,000 ",,"$2,000,000 ",,,$0 ,,,$0 ,,,$0 ,,,$0 ,"$2,000,000 ",,,$0 ,,,$0 ,,,$0 ,,,$0 ,,,$0 ,,,$0 ,,,,,,,,,,,,,,,,,,,,,,,
FAC,96193,Column Packing Fall Hazard,,,,SHE and K-Directives,Global,,,,,,$0 ,,,$0 ,,,$0 ,,,$0 ,,,$0 ,,,$0 ,$0 ,,,,,,,,,,,,,,,,,,,,,,,$0 ,"$300,000 ",,"$300,000 ",,,$0 ,,,$0 ,,,$0 ,,,$0 ,"$300,000 ",,,,,,,,,,,,,,,,,,,,,,,,,,,,,,,,,,,,,,,,,
FAC,96201,Storm Water BMP for upper lot,,,,Stay in Business,Global,,,,"$200,000 ",,"$200,000 ",,,$0 ,,,$0 ,,,$0 ,,,$0 ,,,$0 ,"$200,000 ",,,,,,,,,,,,,,,,,,,,,,,$0 ,"$200,000 ",,"$200,000 ",,,$0 ,,,$0 ,,,$0 ,,,$0 ,"$200,000 ",,,,,,,,,,,,,,,,,,,,,,,,,,,,,,,,,,,,,,,,,
,96204,322 MRO Racks,,,,SHE and K-Directives,Individual,,,,"$500,000 ",,"$500,000 ",,,$0 ,,,$0 ,,,$0 ,,,$0 ,,,$0 ,"$500,000 ",,,,,,,,,,,,,,,,,,,,,,,$0 ,"$500,000 ",,"$500,000 ",,,$0 ,,,$0 ,,,$0 ,,,$0 ,"$500,000 ",,,,,,,,,,,,,,,,,,,,,,,,,,,,,,,,,,,,,,,,,
FAC,96207,Weigh and Dispense Sink (CAPA1123109),,,,Stay in Business,Global,"$150,000 ","$15,000 ",,,,$0 ,,,$0 ,,,$0 ,,,$0 ,,,$0 ,,,$0 ,"$165,000 ",,,,,,,,,,,,,,,,,,,,,"$25,000 ","$5,000 ","$30,000 ",,,$0 ,,,$0 ,,,$0 ,,,$0 ,,,$0 ,"$30,000 ",,,$0 ,,,$0 ,,,$0 ,,,$0 ,,,$0 ,,,$0 ,,,,,,,,,,,,,,,,,,,,,,,
FAE,65082,RF Sealer Generator,,,,TBD,Global,"$22,000 ",,,,,$0 ,,,$0 ,,,$0 ,,,$0 ,,,$0 ,,,$0 ,"$22,000 ",,,,,,,,,,,,,,,,,,,,,"$17,250 ",,"$17,250 ",,,$0 ,,,$0 ,,,$0 ,,,$0 ,,,$0 ,"$17,250 ",,,,,,,,,,,,,,,,,,,,,,,,,,,,,,,,,,,,,,,,,
FAE,96209,Harvest Depth Filter Installation Tool,,,,,Global,,,,"$100,000 ",,"$100,000 ",,,$0 ,,,$0 ,,,$0 ,,,$0 ,,,$0 ,"$100,000 ",,,,,,,,,,,,,,,,,,,,,,,,,,,,,,,,,,,,,,,,,,,,,,,,,,,,,,,,,,,,,,,,,,,,,,,,,,,,,,,,
,96210,P2 User Furnished Equipment Procurement,,,,,Individual,"$950,000 ","$150,000 ",,"$950,000 ","$150,000 ","$1,100,000 ",,,$0 ,,,$0 ,,,$0 ,,,$0 ,,,$0 ,"$2,200,000 ",,,,,,,,,,,,,,,,,,,,,,,,,,,,,,,,,,,,,,,,,,,,,,,,,,,,,,,,,,,,,,,,,,,,,,,,,,,,,,,,
,96211,Replacement of Swedgelok Fitting of N2 Gas Piping of U-4000 Skid with Sanitary Fitting,,,,,Individual,,,,"$500,000 ","$500,000 ","$1,000,000 ",,,$0 ,,,$0 ,,,$0 ,,,$0 ,,,$0 ,"$1,000,000 ",,,,,,,,,,,,,,,,,,,,,,,,,,,,,,,,,,,,,,,,,,,,,,,,,,,,,,,,,,,,,,,,,,,,,,,,,,,,,,,,
,96212,Replacement of Back Pressure Control Valve on Formulation Skid U-4000,,,,,Individual,,,,"$500,000 ","$50,000 ","$550,000 ",,,$0 ,,,$0 ,,,$0 ,,,$0 ,,,$0 ,"$550,000 ",,,,,,,,,,,,,,,,,,,,,,,,,,,,,,,,,,,,,,,,,,,,,,,,,,,,,,,,,,,,,,,,,,,,,,,,,,,,,,,,
,96213,Replacement of Obsolete Benchtop Horiba pH Meter,,,,,Individual,,,,"$1,000,000 ","$200,000 ","$1,200,000 ",,,$0 ,,,$0 ,,,$0 ,,,$0 ,,,$0 ,"$1,200,000 ",,,,,,,,,,,,,,,,,,,,,,,,,,,,,,,,,,,,,,,,,,,,,,,,,,,,,,,,,,,,,,,,,,,,,,,,,,,,,,,,
FAE,96215,20L Bioreactors and NovaFlex Analyzer,,,,,Global,"$450,000 ",,,,,$0 ,,,$0 ,,,$0 ,,,$0 ,,,$0 ,,,$0 ,"$450,000 ",,,,,,,,,,,,,,,,,,,,,,,,,,,,,,,,,,,,,,,,,,,,,,,,,,,,,,,,,,,,,,,,,,,,,,,,,,,,,,,,
FAE,96216,Frit Handling and Storage Phase 2,,,,,Global,"$50,000 ",,,,,$0 ,,,$0 ,,,$0 ,,,$0 ,,,$0 ,,,$0 ,"$50,000 ",,,,,,,,,,,,,,,,,,,,,,,,,,,,,,,,,,,,,,,,,,,,,,,,,,,,,,,,,,,,,,,,,,,,,,,,,,,,,,,,
FAE,96217,Pallet Wrapper,,,,,Global,,,,"$50,000 ",,"$50,000 ",,,$0 ,,,$0 ,,,$0 ,,,$0 ,,,$0 ,"$50,000 ",,,,,,,,,,,,,,,,,,,,,,,,,,,,,,,,,,,,,,,,,,,,,,,,,,,,,,,,,,,,,,,,,,,,,,,,,,,,,,,,
FAC,96218,Column Maintenance Platform Installation,,,,,Global,"$75,000 ",,,"$100,000 ",,"$100,000 ",,,$0 ,,,$0 ,,,$0 ,,,$0 ,,,$0 ,"$175,000 ",,,,,,,,,,,,,,,,,,,,,,,,,,,,,,,,,,,,,,,,,,,,,,,,,,,,,,,,,,,,,,,,,,,,,,,,,,,,,,,,
,96219,Harvest Filter Housing A Removal/Installation Improvements,FXNL LT Appr,,Highly Capable Workforce,Improvements and Efficiencies,Individual,,,,"$400,000 ","$100,000 ","$500,000 ",,,$0 ,,,$0 ,,,$0 ,,,$0 ,,,$0 ,"$500,000 ",,,,,,,,,,,,,,,,,,,,,,,,,,,,,,,,,,,,,,,,,,$0 ,,,$0 ,,,$0 ,,,$0 ,,,$0 ,,,$0 ,,,,,,,,,,,,,,,,,,,,,,,
FAE,96220,400L Mixing Vessel,,,,,Global,"$320,000 ","$20,000 ",,"$50,000 ","$12,000 ","$62,000 ",,,$0 ,,,$0 ,,,$0 ,,,$0 ,,,$0 ,"$402,000 ",,,,,,,,,,,,,,,,,,,,,,,,,,,,,,,,,,,,,,,,,,,,,,,,,,,,,,,,,,,,,,,,,,,,,,,,,,,,,,,,
,96221,Corrosive Chemical Compliance - CUB and Warehouse,FXNL LT Appr,,Reliability and Value,SHE and K-Directives,Individual,,,,"$2,900,000 ",,"$2,900,000 ","$20,000 ",,"$20,000 ",,,$0 ,,,$0 ,,,$0 ,,,$0 ,"$2,920,000 ",,,,,,,,,,,,,,,,,,,,,,,,,,,,,,,,,,,,,,,,,,$0 ,,,$0 ,,,$0 ,,,$0 ,,,$0 ,,,$0 ,,,,,,,,,,,,,,,,,,,,,,,
,96222,Pressure Safety Program - Mechanical,FXNL LT Appr,,Highly Capable Workforce,SHE and K-Directives,,,,,"$2,000,000 ",,"$2,000,000 ",,,$0 ,,,$0 ,,,$0 ,,,$0 ,,,$0 ,"$2,000,000 ",,,,,,,,,,,,,,,,,,,,,,,,,,,,,,,,,,,,,,,,,,$0 ,,,$0 ,,,$0 ,,,$0 ,,,$0 ,,,$0 ,,,,,,,,,,,,,,,,,,,,,,,
,96223,Pressure Safety Program - Automation,FXNL LT Appr,,Highly Capable Workforce,SHE and K-Directives,,,,,,,$0 ,"$2,500,000 ",,"$2,500,000 ",,,$0 ,,,$0 ,,,$0 ,,,$0 ,"$2,500,000 ",,,,,,,,,,,,,,,,,,,,,,,,,,,,,,,,,,,,,,,,,,$0 ,,,$0 ,,,$0 ,,,$0 ,,,$0 ,,,$0 ,,,,,,,,,,,,,,,,,,,,,,,
,96224,Tangential Flow Filtration Cassettes Management,#N/A,#N/A,#N/A,#N/A,#N/A,,,,,"$1,030,000 ","$1,030,000 ",,,$0 ,,,$0 ,,,$0 ,,,$0 ,,,$0 ,"$1,030,000 ",,,,$0 ,,"$491,216 ","$491,216 ",,,$0 ,,,$0 ,,,$0 ,,,$0 ,"$491,216 ",,,$0 ,,"$550,000 ","$550,000 ",,,$0 ,,,$0 ,,,$0 ,,,$0 ,"$550,000 ",,,$0 ,,,$0 ,,,$0 ,,,$0 ,,,$0 ,,,$0 ,,,,$0 ,,,$0 ,,"$491,216 ","$491,216 ",,,$0 ,,,$0 ,,,$0 ,,,$0 ,"$491,216 "
,,,#N/A,,#N/A,#N/A,,,,,,,,,,,,,,,,,,,,,,,$0 ,,,,,,,,,,,,,,,,,,,,,,,,,,,,,,,,,,,,,,,,,,$0 ,,,$0 ,,,$0 ,,,$0 ,,,$0 ,,,$0 ,,,,,,,,,,,,,,,,,,,,,,,
FAE,96991,Asset Replacement 2016 - Engineering (cc642),FXNL LT Appr,,Fit for Purpose,Stay in Business,Global,"$987,350 ","$19,747 ",,"$500,000 ","$5,000 ","$505,000 ",,,$0 ,,,$0 ,,,$0 ,,,$0 ,,,$0 ,"$1,512,097 ",,"$987,350 ","$19,747 ","$1,007,097 ",,,$0 ,,,$0 ,,,$0 ,,,$0 ,,,$0 ,"$1,007,097 ","$987,350 ","$19,747 ","$1,007,097 ",,,$0 ,,,$0 ,,,$0 ,,,$0 ,,,$0 ,"$1,007,097 ",,,,,,,,,,,,,,,,,,,,,,,"$987,350 ","$19,747 ","$1,007,097 ",,,$0 ,,,$0 ,,,$0 ,,,$0 ,,,$0 ,"$1,007,097 "
FAE,96992,Asset Replacement 2016 - Material Ops (cc484),FXNL LT Appr,,Fit for Purpose,Stay in Business,Global,"$124,000 ","$2,480 ",,"$1,167,829 ","$10,000 ","$1,177,829 ",,,$0 ,,,$0 ,,,$0 ,,,$0 ,,,$0 ,"$1,304,309 ",,"$124,000 ","$2,480 ","$126,480 ",,,$0 ,,,$0 ,,,$0 ,,,$0 ,,,$0 ,"$126,480 ","$124,000 ","$2,480 ","$126,480 ",,,$0 ,,,$0 ,,,$0 ,,,$0 ,,,$0 ,"$126,480 ",,,,,,,,,,,,,,,,,,,,,,,"$124,000 ","$2,480 ","$126,480 ",,,$0 ,,,$0 ,,,$0 ,,,$0 ,,,$0 ,"$126,480 "
FAC,96993,Asset Replacement 2016 - Manufacturing (cc1359),FXNL LT Appr,,Fit for Purpose,Stay in Business,Global,"$50,375 ",,,"$365,000 ",,"$365,000 ",,,$0 ,,,$0 ,,,$0 ,,,$0 ,,,$0 ,"$415,375 ",,"$50,375 ",,"$50,375 ",,,$0 ,,,$0 ,,,$0 ,,,$0 ,,,$0 ,"$50,375 ","$50,375 ",,"$50,375 ",,,$0 ,,,$0 ,,,$0 ,,,$0 ,,,$0 ,"$50,375 ",,,,,,,,,,,,,,,,,,,,,,,"$50,375 ",,"$50,375 ",,,$0 ,,,$0 ,,,$0 ,,,$0 ,,,$0 ,"$50,375 "
FAC,96994,Asset Replacement 2016 - Manufacturing (cc659),FXNL LT Appr,,Fit for Purpose,Stay in Business,Global,"$263,008 ","$5,260 ",,"$157,778 ",,"$157,778 ",,,$0 ,,,$0 ,,,$0 ,,,$0 ,,,$0 ,"$426,046 ",,"$263,008 ","$5,260 ","$268,268 ",,,$0 ,,,$0 ,,,$0 ,,,$0 ,,,$0 ,"$268,268 ","$263,008 ","$5,260 ","$268,268 ",,,$0 ,,,$0 ,,,$0 ,,,$0 ,,,$0 ,"$268,268 ",,,$0 ,"$502,793 ",,"$502,793 ",,,$0 ,,,$0 ,,,$0 ,,,$0 ,,,,"$502,793 ","$263,008 ","$5,260 ","$268,268 ",,,$0 ,,,$0 ,,,$0 ,,,$0 ,,,$0 ,"$268,268 "
FAE,96995,Asset Replacement 2016 - Quality (cc583),FXNL LT Appr,,Fit for Purpose,Stay in Business,Global,"$407,893 ",,,"$722,929 ",,"$722,929 ",,,$0 ,,,$0 ,,,$0 ,,,$0 ,,,$0 ,"$1,130,822 ",,"$407,893 ",,"$407,893 ",,,$0 ,,,$0 ,,,$0 ,,,$0 ,,,$0 ,"$668,893 ","$407,893 ",,"$407,893 ",,,$0 ,,,$0 ,,,$0 ,,,$0 ,,,$0 ,"$407,893 ","$261,000 ",,"$261,000 ","$407,893 ",,"$407,893 ",,,$0 ,,,$0 ,,,$0 ,,,$0 ,,,,"$668,893 ","$407,893 ",,"$407,893 ",,,$0 ,,,$0 ,,,$0 ,,,$0 ,,,$0 ,"$668,893 "
FAE,96997,Asset Replacement 2016 - Maintenance (cc1236),FXNL LT Appr,,Fit for Purpose,Stay in Business,Global,"$31,233 ",,,"$56,049 ",,"$56,049 ",,,$0 ,,,$0 ,,,$0 ,,,$0 ,,,$0 ,"$87,282 ",,"$31,233 ",,"$31,233 ",,,$0 ,,,$0 ,,,$0 ,,,$0 ,,,$0 ,"$31,233 ","$31,233 ",,"$31,233 ",,,$0 ,,,$0 ,,,$0 ,,,$0 ,,,$0 ,"$31,233 ",,,$0 ,"$1,028,658 ","$10,075 ","$1,038,733 ",,,$0 ,,,$0 ,,,$0 ,,,$0 ,,,,"$1,038,733 ","$31,233 ",,"$31,233 ",,,$0 ,,,$0 ,,,$0 ,,,$0 ,,,$0 ,"$31,233 "
FAE,96998,Asset Replacement 2016 - Sci&Eng (cc1198),FXNL LT Appr,,Reliable,Stay in Business,Global,,,,"$201,901 ",,"$201,901 ",,,$0 ,,,$0 ,,,$0 ,,,$0 ,,,$0 ,"$201,901 ",,,,$0 ,,,$0 ,,,$0 ,,,$0 ,,,$0 ,,,$0 ,$0 ,,,$0 ,,,$0 ,,,$0 ,,,$0 ,,,$0 ,,,$0 ,$0 ,,,$0 ,"$359,226 ","$1,200 ","$360,426 ",,,$0 ,,,$0 ,,,$0 ,,,$0 ,,,,"$360,426 ",,,$0 ,,,$0 ,,,$0 ,,,$0 ,,,$0 ,,,$0 ,$0 
,96999,Site Management Adjustments (if any),,,,0,Individual,,,,,,$0 ,,,$0 ,,,$0 ,,,$0 ,,,$0 ,,,$0 ,"($14,508,965)",,"($8,348,298)","$235,000 ","($8,113,298)",,,$0 ,,,$0 ,,,$0 ,,,$0 ,,,$0 ,"($22,622,263)","($1,487,180)","($197,487)","($1,684,667)",,,$0 ,,,$0 ,,,$0 ,,,$0 ,,,$0 ,"($16,193,631)","($10,661,762)",,"($10,661,762)","($21,328,357)",,"($21,328,357)",,,$0 ,,,$0 ,,,$0 ,,,$0 ,,,,"($35,837,322)","($8,348,298)","$235,000 ","($8,113,298)",,,$0 ,,,$0 ,,,$0 ,,,$0 ,,,$0 ,"($22,622,263)"
Expense,82000,I&C Engineering and Instrument Configuration Management System Remediation Project (CAPA 982343),Execute 1,Deidre Dunham,Reliability and Value,Stay in Business,Expense,,"$866,058 ",,,"$574,661 ","$574,661 ",,,$0 ,,,$0 ,,,$0 ,,,$0 ,,,$0 ,"$1,510,946 ",,,"$1,180,000 ","$1,180,000 ",,,$0 ,,,$0 ,,,$0 ,,,$0 ,,,$0 ,"$1,220,000 ",,"$933,708 ","$933,708 ",,"$781,722 ","$781,722 ",,,$0 ,,,$0 ,,,$0 ,,,$0 ,"$1,785,657 ",,"$540,000 ","$540,000 ",,"$980,000 ","$980,000 ",,,$0 ,,,$0 ,,,$0 ,,,$0 ,,,,"$1,520,000 ",,"$1,180,000 ","$1,180,000 ",,,$0 ,,,$0 ,,,$0 ,,,$0 ,,,$0 ,"$1,220,000 "
Expense,97001,Lunches,Execute,Scott Fields,Reliability and Value,Stay in Business,Expense,,"$4,000 ",,,"$4,000 ","$4,000 ",,,$0 ,,,$0 ,,,$0 ,,,$0 ,,,$0 ,"$8,000 ",,,"$5,000 ","$5,000 ",,,$0 ,,,$0 ,,,$0 ,,,$0 ,,,$0 ,"$10,000 ",,"$4,000 ","$4,000 ",,,,,,,,,$0 ,,,$0 ,,,$0 ,"$4,000 ",,"$5,000 ","$5,000 ",,"$5,000 ","$5,000 ",,,,,,,,,$0 ,,,$0 ,,,,"$10,000 ",,"$5,000 ","$5,000 ",,,$0 ,,,$0 ,,,$0 ,,,$0 ,,,$0 ,"$10,000 "
Expense,97002,Office Supplies inc. Laptops,Execute,Scott Fields,Reliability and Value,Stay in Business,Expense,,"$45,000 ",,,"$45,000 ","$45,000 ",,,$0 ,,,$0 ,,,$0 ,,,$0 ,,,$0 ,"$90,000 ",,,"$50,000 ","$50,000 ",,,$0 ,,,$0 ,,,$0 ,,,$0 ,,,$0 ,"$100,000 ",,"$45,000 ","$45,000 ",,,,,,,,,$0 ,,,$0 ,,,$0 ,"$45,000 ",,"$50,000 ","$50,000 ",,"$50,000 ","$50,000 ",,,,,,,,,$0 ,,,$0 ,,,,"$100,000 ",,"$50,000 ","$50,000 ",,,$0 ,,,$0 ,,,$0 ,,,$0 ,,,$0 ,"$100,000 "
Expense,97003,MFG Systems Integration Improvement Phase 1 - 2015,Execute 1,Deidre Dunham,Reliability and Value,Improvements and Efficiencies,Expense,,"$292,227 ",,,"$135,000 ","$135,000 ",,,$0 ,,,$0 ,,,$0 ,,,$0 ,,,$0 ,"$427,227 ",,,"$443,000 ","$443,000 ",,,$0 ,,,$0 ,,,$0 ,,,$0 ,,,$0 ,"$458,000 ",,"$443,000 ","$443,000 ",,,$0 ,,,$0 ,,,$0 ,,,$0 ,,,$0 ,"$443,000 ",,"$290,000 ","$290,000 ",,"$514,000 ","$514,000 ",,,$0 ,,,$0 ,,,$0 ,,,$0 ,,,,"$804,000 ",,"$443,000 ","$443,000 ",,,$0 ,,,$0 ,,,$0 ,,,$0 ,,,$0 ,"$458,000 "
Expense,97005,MCS Peripheral Asset Replacement - 2018,FXNL LT Appr,Zaymar Sedra ,Fit for Purpose,Stay in Business,Expense,,,,,,$0 ,,"$312,000 ","$312,000 ",,,$0 ,,,$0 ,,,$0 ,,,$0 ,"$312,000 ",,,,$0 ,,"$312,000 ","$312,000 ",,,$0 ,,,$0 ,,,$0 ,,,$0 ,"$312,000 ",,,$0 ,,"$312,000 ","$312,000 ",,,$0 ,,,$0 ,,,$0 ,,,$0 ,"$312,000 ",,,$0 ,,,$0 ,,"$312,000 ","$312,000 ",,,$0 ,,,$0 ,,,$0 ,,,,"$312,000 ",,,$0 ,,"$312,000 ","$312,000 ",,,$0 ,,,$0 ,,,$0 ,,,$0 ,"$312,000 "
Expense,97006,MCS Peripheral Asset Replacement - 2020,FXNL LT Appr,Deidre Dunham,Reliable,Stay in Business,Expense,,,,,,$0 ,,,$0 ,,,$0 ,,"$332,000 ","$332,000 ",,,$0 ,,,$0 ,"$332,000 ",,,,$0 ,,,$0 ,,,$0 ,,"$332,000 ","$332,000 ",,,$0 ,,,$0 ,"$332,000 ",,,$0 ,,,$0 ,,,$0 ,,"$332,000 ","$332,000 ",,,$0 ,,,$0 ,"$332,000 ",,,$0 ,,,$0 ,,,$0 ,,,$0 ,,"$332,000 ","$332,000 ",,,$0 ,,,,"$332,000 ",,,$0 ,,,$0 ,,,$0 ,,"$332,000 ","$332,000 ",,,$0 ,,,$0 ,"$332,000 "
Expense,97063,MCS Peripheral Asset Replacement - 2022,FXNL LT Appr,Deidre Dunham,Reliable,Stay in Business,Expense,,,,,,$0 ,,,$0 ,,,$0 ,,,$0 ,,,$0 ,,"$351,000 ","$351,000 ","$351,000 ",,,,,,,,,,,,,,,,,,,,,,,$0 ,,,$0 ,,,$0 ,,,$0 ,,,$0 ,"$351,000 ",,"$351,000 ","$351,000 ",,,,,,,,,,,,,,,,,,,,,,,,,,,,,,,,,,,,,,,,,
Expense,97007,Automation System Lifecycle MCS Upgrade,Execute,Deidre Dunham,Reliability and Value,Improvements and Efficiencies,Expense,,"$295,781 ",,,,$0 ,,,$0 ,,,$0 ,,,$0 ,,,$0 ,,,$0 ,"$295,781 ",,,"$270,000 ","$270,000 ",,,$0 ,,,$0 ,,,$0 ,,,$0 ,,,$0 ,"$270,000 ",,"$295,169 ","$295,169 ",,,$0 ,,,$0 ,,,$0 ,,,$0 ,,,$0 ,"$295,169 ","$600,000 ","$300,000 ","$900,000 ","$200,000 ","$1,900,000 ","$2,100,000 ",,,$0 ,,,$0 ,,,$0 ,,,$0 ,,,,"$3,000,000 ",,"$270,000 ","$270,000 ",,,$0 ,,,$0 ,,,$0 ,,,$0 ,,,$0 ,"$270,000 "
Expense,97008,PCS Asset Replacement - 2018,FXNL LT Appr,Deidre Dunham,Reliable,Stay in Business,Expense,,,,,,$0 ,,"$487,500 ","$487,500 ",,"$487,500 ","$487,500 ",,,$0 ,,,$0 ,,,$0 ,"$975,000 ",,,,$0 ,,,$0 ,,,$0 ,,"$975,000 ","$975,000 ",,"$975,000 ","$975,000 ",,,$0 ,"$1,950,000 ",,,$0 ,,,$0 ,,"$487,500 ","$487,500 ",,"$487,500 ","$487,500 ",,,$0 ,,,$0 ,"$975,000 ",,,$0 ,,,$0 ,,,$0 ,,"$975,000 ","$975,000 ",,"$975,000 ","$975,000 ",,,$0 ,,,,"$1,950,000 ",,,$0 ,,,$0 ,,,$0 ,,"$975,000 ","$975,000 ",,"$975,000 ","$975,000 ",,,$0 ,"$1,950,000 "
Expense,97064,PCS Asset Replacement - 2021,FXNL LT Appr,Deidre Dunham,Reliable,Stay in Business,Expense,,,,,,$0 ,,,$0 ,,,$0 ,,,$0 ,,"$463,000 ","$463,000 ",,,$0 ,"$463,000 ",,,,,,,,,,,,,,,,,,,,,,,$0 ,,,$0 ,,,$0 ,,,$0 ,,,$0 ,,"$463,000 ","$463,000 ","$463,000 ",,,,,,,,,,,,,,,,,,,,,,,,,,,,,,,,,,,,,,,,,
Expense,97009,MES Asset Replacement - 2017,Idea,Zaymar Sedra ,Fit for Purpose,Stay in Business,Expense,,,,,"$400,000 ","$400,000 ",,"$575,000 ","$575,000 ",,,$0 ,,,$0 ,,,$0 ,,,$0 ,"$975,000 ",,,,$0 ,,"$500,000 ","$500,000 ",,"$1,126,000 ","$1,126,000 ",,,$0 ,,,$0 ,,,$0 ,"$1,626,000 ",,,$0 ,,"$400,000 ","$400,000 ",,"$575,000 ","$575,000 ",,,$0 ,,,$0 ,,,$0 ,"$975,000 ",,,$0 ,,,$0 ,,,$0 ,,,$0 ,,,$0 ,,,$0 ,,,,$0 ,,,$0 ,,"$500,000 ","$500,000 ",,"$1,126,000 ","$1,126,000 ",,,$0 ,,,$0 ,,,$0 ,"$1,626,000 "
Expense,97010,MES Asset Replacement - 2020,FXNL LT Appr,Deidre Dunham,Reliable,Stay in Business,Expense,,,,,,$0 ,,,$0 ,,,$0 ,,"$500,000 ","$500,000 ",,"$525,000 ","$525,000 ",,,$0 ,"$1,025,000 ",,,,$0 ,,,$0 ,,,$0 ,,"$926,000 ","$926,000 ",,"$926,000 ","$926,000 ",,,$0 ,"$1,852,000 ",,,$0 ,,,$0 ,,,$0 ,,,$0 ,,"$500,000 ","$500,000 ",,"$525,000 ","$525,000 ","$1,025,000 ",,,$0 ,,,$0 ,,,$0 ,,"$926,000 ","$926,000 ",,"$926,000 ","$926,000 ",,,$0 ,,,,"$1,852,000 ",,,$0 ,,,$0 ,,,$0 ,,"$926,000 ","$926,000 ",,"$926,000 ","$926,000 ",,,$0 ,"$1,852,000 "
Expense,97012,Site Data Historian Asset Replacement - 2017,FXNL LT Appr,Zaymar Sedra ,Fit for Purpose,Stay in Business,Expense,,,,,"$366,000 ","$366,000 ",,,$0 ,,,$0 ,,,$0 ,,,$0 ,,,$0 ,"$366,000 ",,,,$0 ,,"$366,000 ","$366,000 ",,,$0 ,,,$0 ,,,$0 ,,,$0 ,"$366,000 ",,,$0 ,,"$366,000 ","$366,000 ",,,$0 ,,,$0 ,,,$0 ,,,$0 ,"$366,000 ",,,$0 ,,"$366,000 ","$366,000 ",,,$0 ,,,$0 ,,,$0 ,,,$0 ,,,,"$366,000 ",,,$0 ,,"$366,000 ","$366,000 ",,,$0 ,,,$0 ,,,$0 ,,,$0 ,"$366,000 "
Expense,97013,Site Data Historian Asset Replacement - 2019,FXNL LT Appr,Deidre Dunham,Reliable,Stay in Business,Expense,,,,,,$0 ,,,$0 ,,"$488,000 ","$488,000 ",,,$0 ,,,$0 ,,,$0 ,"$488,000 ",,,,$0 ,,,$0 ,,,$0 ,,"$488,000 ","$488,000 ",,,$0 ,,,$0 ,"$488,000 ",,,$0 ,,,$0 ,,,$0 ,,"$488,000 ","$488,000 ",,,$0 ,,,$0 ,"$488,000 ",,,$0 ,,,$0 ,,,$0 ,,"$488,000 ","$488,000 ",,,$0 ,,,$0 ,,,,"$488,000 ",,,$0 ,,,$0 ,,,$0 ,,"$488,000 ","$488,000 ",,,$0 ,,,$0 ,"$488,000 "
Expense,97065,Site Data Historian Asset Replacement - 2021,FXNL LT Appr,Deidre Dunham,Reliable,Stay in Business,Expense,,,,,,$0 ,,,$0 ,,,$0 ,,,$0 ,,"$488,000 ","$488,000 ",,,$0 ,"$488,000 ",,,,,,,,,,,,,,,,,,,,,,,$0 ,,,$0 ,,,$0 ,,,$0 ,,,$0 ,,"$488,000 ","$488,000 ","$488,000 ",,,,,,,,,,,,,,,,,,,,,,,,,,,,,,,,,,,,,,,,,
Expense,97015,MCS Backup System Asset Replacement - 2017,FXNL LT Appr,Zaymar Sedra ,Fit for Purpose,Stay in Business,Expense,,,,,"$390,000 ","$390,000 ",,,$0 ,,,$0 ,,,$0 ,,,$0 ,,,$0 ,"$390,000 ",,,,$0 ,,"$390,000 ","$390,000 ",,,$0 ,,,$0 ,,,$0 ,,,$0 ,"$390,000 ",,,$0 ,,"$390,000 ","$390,000 ",,,$0 ,,,$0 ,,,$0 ,,,$0 ,"$390,000 ",,,$0 ,,,$0 ,,"$390,000 ","$390,000 ",,,$0 ,,,$0 ,,,$0 ,,,,"$390,000 ",,,$0 ,,"$390,000 ","$390,000 ",,,$0 ,,,$0 ,,,$0 ,,,$0 ,"$390,000 "
Expense,97016,MCS Backup System Asset Replacement - 2020,FXNL LT Appr,Deidre Dunham,Reliable,Stay in Business,Expense,,,,,,$0 ,,,$0 ,,,$0 ,,"$439,000 ","$439,000 ",,,$0 ,,,$0 ,"$439,000 ",,,,$0 ,,,$0 ,,,$0 ,,,$0 ,,"$439,000 ","$439,000 ",,,$0 ,"$439,000 ",,,$0 ,,,$0 ,,,$0 ,,,$0 ,,"$439,000 ","$439,000 ",,,$0 ,"$439,000 ",,,$0 ,,,$0 ,,,$0 ,,,$0 ,,,$0 ,,"$439,000 ","$439,000 ",,,,"$439,000 ",,,$0 ,,,$0 ,,,$0 ,,,$0 ,,"$439,000 ","$439,000 ",,,$0 ,"$439,000 "
Expense,97018,PDFx Lab and Pilot Plant DeltaV Asset Replacement - 2017,FXNL LT Appr,Deidre Dunham,Reliable,Stay in Business,Expense,,,,,,$0 ,,"$488,000 ","$488,000 ",,,$0 ,,,$0 ,,,$0 ,,,$0 ,"$488,000 ",,,,$0 ,,"$488,000 ","$488,000 ",,,$0 ,,,$0 ,,,$0 ,,,$0 ,"$488,000 ",,,$0 ,,,$0 ,,"$488,000 ","$488,000 ",,,$0 ,,,$0 ,,,$0 ,"$488,000 ",,,$0 ,,,$0 ,,"$488,000 ","$488,000 ",,,$0 ,,,$0 ,,,$0 ,,,,"$488,000 ",,,$0 ,,"$488,000 ","$488,000 ",,,$0 ,,,$0 ,,,$0 ,,,$0 ,"$488,000 "
Expense,97019,PDFx Lab and Pilot Plant DeltaV Asset Replacement - 2020,FXNL LT Appr,Deidre Dunham,Reliable,Stay in Business,Expense,,,,,,$0 ,,,$0 ,,,$0 ,,"$488,000 ","$488,000 ",,,$0 ,,,$0 ,"$488,000 ",,,,$0 ,,,$0 ,,,$0 ,,,$0 ,,"$488,000 ","$488,000 ",,,$0 ,"$488,000 ",,,$0 ,,,$0 ,,,$0 ,,,$0 ,,"$488,000 ","$488,000 ",,,$0 ,"$488,000 ",,,$0 ,,,$0 ,,,$0 ,,,$0 ,,,$0 ,,"$488,000 ","$488,000 ",,,,"$488,000 ",,,$0 ,,,$0 ,,,$0 ,,,$0 ,,"$488,000 ","$488,000 ",,,$0 ,"$488,000 "
Expense,97030,MFG Systems Integration Improvement Phase 3 - 2017,Canceled,Zaymar Sedra ,Fit for Purpose,Improvements and Efficiencies,Expense,,,,,,$0 ,,,$0 ,,,$0 ,,,$0 ,,,$0 ,,,$0 ,$0 ,,,,$0 ,,"$1,625,000 ","$1,625,000 ",,,$0 ,,,$0 ,,,$0 ,,,$0 ,"$1,625,000 ",,,$0 ,,"$1,625,000 ","$1,625,000 ",,,$0 ,,,$0 ,,,$0 ,,,$0 ,"$1,625,000 ",,,$0 ,,,$0 ,,"$1,625,000 ","$1,625,000 ",,,$0 ,,,$0 ,,,$0 ,,,,"$1,625,000 ",,,$0 ,,"$1,625,000 ","$1,625,000 ",,,$0 ,,,$0 ,,,$0 ,,,$0 ,"$1,625,000 "
Expense,97031,MCS Data Analytics Asset Replacement - 2017,Idea,Zaymar Sedra ,Fit for Purpose,Stay in Business,Expense,,,,,"$325,000 ","$325,000 ",,,$0 ,,,$0 ,,,$0 ,,,$0 ,,,$0 ,"$325,000 ",,,,$0 ,,"$325,000 ","$325,000 ",,,$0 ,,,$0 ,,,$0 ,,,$0 ,"$325,000 ",,,$0 ,,"$325,000 ","$325,000 ",,,$0 ,,,$0 ,,,$0 ,,,$0 ,"$325,000 ",,,$0 ,,,$0 ,,"$325,000 ","$325,000 ",,,$0 ,,,$0 ,,,$0 ,,,,"$325,000 ",,,$0 ,,"$325,000 ","$325,000 ",,,$0 ,,,$0 ,,,$0 ,,,$0 ,"$325,000 "
Expense,97032,MCS Data Analytics Asset Replacement - 2020,Idea,Deidre Dunham,Reliable,Stay in Business,Expense,,,,,,$0 ,,,$0 ,,,$0 ,,"$360,000 ","$360,000 ",,,$0 ,,,$0 ,"$360,000 ",,,,$0 ,,,$0 ,,,$0 ,,,$0 ,,"$360,000 ","$360,000 ",,,$0 ,"$360,000 ",,,$0 ,,,$0 ,,,$0 ,,,$0 ,,"$360,000 ","$360,000 ",,,$0 ,"$360,000 ",,,$0 ,,,$0 ,,,$0 ,,,$0 ,,,$0 ,,"$360,000 ","$360,000 ",,,,"$360,000 ",,,$0 ,,,$0 ,,,$0 ,,,$0 ,,"$360,000 ","$360,000 ",,,$0 ,"$360,000 "
Expense,97033,PCS Automated Documentation Asset Replacement,Idea,Deidre Dunham,Reliable,New Technologies,Expense,,,,,,$0 ,,"$325,000 ","$325,000 ",,,$0 ,,,$0 ,,,$0 ,,,$0 ,"$325,000 ",,,,$0 ,,,$0 ,,"$325,000 ","$325,000 ",,,$0 ,,,$0 ,,,$0 ,"$325,000 ",,,$0 ,,,$0 ,,"$325,000 ","$325,000 ",,,$0 ,,,$0 ,,,$0 ,"$325,000 ",,,$0 ,,,$0 ,,,$0 ,,"$325,000 ","$325,000 ",,,$0 ,,,$0 ,,,,"$325,000 ",,,$0 ,,,$0 ,,"$325,000 ","$325,000 ",,,$0 ,,,$0 ,,,$0 ,"$325,000 "
Expense,97066,PCS Automated Documentation Asset Replacement - 2021,Idea,Deidre Dunham,Reliable,New Technologies,Expense,,,,,,$0 ,,,$0 ,,,$0 ,,,$0 ,,"$360,000 ","$360,000 ",,,$0 ,"$360,000 ",,,,,,,,,,,,,,,,,,,,,,,$0 ,,,$0 ,,,$0 ,,,$0 ,,,$0 ,,"$360,000 ","$360,000 ","$360,000 ",,,,,,,,,,,,,,,,,,,,,,,,,,,,,,,,,,,,,,,,,
Expense,97037,Recipe Reconfiguration Alignment for Operating Systems,FXNL LT Appr,Jim Neeleman,Launch and Commercial Excellence,Improvements and Efficiencies,Expense,,,,,"$250,000 ","$250,000 ",,"$1,500,000 ","$1,500,000 ",,"$1,750,000 ","$1,750,000 ",,,$0 ,,,$0 ,,,$0 ,"$3,500,000 ",,,,$0 ,,"$3,750,000 ","$3,750,000 ",,,$0 ,,,$0 ,,,$0 ,,,$0 ,"$3,750,000 ",,,$0 ,,"$3,750,000 ","$3,750,000 ",,,$0 ,,,$0 ,,,$0 ,,,$0 ,"$3,750,000 ",,,$0 ,,"$3,750,000 ","$3,750,000 ",,,$0 ,,,$0 ,,,$0 ,,,$0 ,,,,"$3,750,000 ",,,$0 ,,"$3,750,000 ","$3,750,000 ",,,$0 ,,,$0 ,,,$0 ,,,$0 ,"$3,750,000 "
Expense,97038,PCS Functional Specification Development Project (CAPA 960297),FXNL LT Appr,Deidre Dunham,Reliability and Value,Strategic,Expense,,$0 ,,,"$500,000 ","$500,000 ",,"$2,250,000 ","$2,250,000 ",,"$2,250,000 ","$2,250,000 ",,"$3,000,000 ","$3,000,000 ",,,$0 ,,,$0 ,"$8,000,000 ",,,"$1,000,000 ","$1,000,000 ",,"$3,750,000 ","$3,750,000 ",,"$3,250,000 ","$3,250,000 ",,,$0 ,,,$0 ,,,$0 ,"$8,000,000 ",,$0 ,$0 ,,"$4,750,000 ","$4,750,000 ",,"$3,250,000 ","$3,250,000 ",,,$0 ,,,$0 ,,,$0 ,"$8,000,000 ",,,$0 ,,"$2,000,000 ","$2,000,000 ",,"$3,000,000 ","$3,000,000 ",,"$3,000,000 ","$3,000,000 ",,,$0 ,,,$0 ,,,,"$8,000,000 ",,"$1,000,000 ","$1,000,000 ",,"$3,750,000 ","$3,750,000 ",,"$3,250,000 ","$3,250,000 ",,,$0 ,,,$0 ,,,$0 ,"$8,000,000 "
Expense,97039,PCS Remediation for EBR Review by Exception - PI,Idea,Melanie Yevilov,Highly Capable Workforce,Improvements and Efficiencies,Expense,,,,,"$250,000 ","$250,000 ",,"$2,250,000 ","$2,250,000 ",,"$3,375,000 ","$3,375,000 ",,,$0 ,,,$0 ,,,$0 ,"$5,875,000 ",,,"$250,000 ","$250,000 ",,"$2,250,000 ","$2,250,000 ",,"$3,375,000 ","$3,375,000 ",,,$0 ,,,$0 ,,,$0 ,"$5,875,000 ",,,$0 ,,"$250,000 ","$250,000 ",,"$2,250,000 ","$2,250,000 ",,"$3,375,000 ","$3,375,000 ",,,$0 ,,,$0 ,"$5,875,000 ",,,$0 ,,"$500,000 ","$500,000 ",,"$2,250,000 ","$2,250,000 ",,"$3,375,000 ","$3,375,000 ",,,$0 ,,,$0 ,,,,"$6,125,000 ",,"$250,000 ","$250,000 ",,"$2,250,000 ","$2,250,000 ",,"$3,375,000 ","$3,375,000 ",,,$0 ,,,$0 ,,,$0 ,"$5,875,000 "
Expense,97040,Tech Transfer: Master Data Management,FXNL LT Appr,Jim Neeleman,Launch and Commercial Excellence,Tech Transfers,Expense,,$0 ,,,$0 ,$0 ,,,$0 ,,,$0 ,,,$0 ,,,$0 ,,,$0 ,$0 ,,,"$250,000 ","$250,000 ",,"$305,750 ","$305,750 ",,,$0 ,,,$0 ,,,$0 ,,,$0 ,"$555,750 ",,$0 ,$0 ,,,$0 ,,,$0 ,,,$0 ,,,$0 ,,,$0 ,$0 ,,,$0 ,,"$555,750 ","$555,750 ",,,$0 ,,,$0 ,,,$0 ,,,$0 ,,,,"$555,750 ",,"$250,000 ","$250,000 ",,"$305,750 ","$305,750 ",,,$0 ,,,$0 ,,,$0 ,,,$0 ,"$555,750 "
Expense,97042,CRB Project Budget Estimating,Execute,Scott Fields,Reliability and Value,Improvements and Efficiencies,Expense,,"$250,400 ",,,"$250,400 ","$250,400 ",,,$0 ,,,$0 ,,,$0 ,,,$0 ,,,$0 ,"$500,800 ",,,"$360,000 ","$360,000 ",,,$0 ,,,$0 ,,,$0 ,,,$0 ,,,$0 ,"$720,000 ",,"$250,400 ","$250,400 ",,,$0 ,,,$0 ,,,$0 ,,,$0 ,,,$0 ,"$250,400 ",,"$360,000 ","$360,000 ",,"$360,000 ","$360,000 ",,,$0 ,,,$0 ,,,$0 ,,,$0 ,,,,"$720,000 ",,"$360,000 ","$360,000 ",,,$0 ,,,$0 ,,,$0 ,,,$0 ,,,$0 ,"$720,000 "
Expense,97043,Travel Expenses,Execute,Scott Fields,Reliability and Value,Stay in Business,Expense,,"$10,000 ",,,"$10,000 ","$10,000 ",,,$0 ,,,$0 ,,,$0 ,,,$0 ,,,$0 ,"$20,000 ",,,"$200,000 ","$200,000 ",,,$0 ,,,$0 ,,,$0 ,,,$0 ,,,$0 ,"$400,000 ",,"$10,000 ","$10,000 ",,,$0 ,,,$0 ,,,$0 ,,,$0 ,,,$0 ,"$10,000 ",,"$200,000 ","$200,000 ",,"$200,000 ","$200,000 ",,,$0 ,,,$0 ,,,$0 ,,,$0 ,,,,"$400,000 ",,"$200,000 ","$200,000 ",,,$0 ,,,$0 ,,,$0 ,,,$0 ,,,$0 ,"$400,000 "
Expense,97044,IMPACT Support,Execute,Scott Fields,Reliability and Value,Stay in Business,Expense,,"$8,000 ",,,"$8,000 ","$8,000 ",,,$0 ,,,$0 ,,,$0 ,,,$0 ,,,$0 ,"$16,000 ",,,"$12,000 ","$12,000 ",,,$0 ,,,$0 ,,,$0 ,,,$0 ,,,$0 ,"$24,000 ",,"$8,000 ","$8,000 ",,,$0 ,,,$0 ,,,$0 ,,,$0 ,,,$0 ,"$8,000 ",,"$12,000 ","$12,000 ",,"$12,000 ","$12,000 ",,,$0 ,,,$0 ,,,$0 ,,,$0 ,,,,"$24,000 ",,"$12,000 ","$12,000 ",,,$0 ,,,$0 ,,,$0 ,,,$0 ,,,$0 ,"$24,000 "
Expense,97045,Site Exterior Lighting Upgrade - Title 24,FXNL LT Appr,Scott Fields,Reliability and Value,SHE and K-Directives,Expense,,"$100,000 ",,,"$100,000 ","$100,000 ",,,$0 ,,,$0 ,,,$0 ,,,$0 ,,,$0 ,"$200,000 ",,,"$200,000 ","$200,000 ",,,$0 ,,,$0 ,,,$0 ,,,$0 ,,,$0 ,"$200,000 ",,"$100,000 ","$100,000 ",,"$100,000 ","$100,000 ",,,$0 ,,,$0 ,,,$0 ,,,$0 ,"$200,000 ",,,$0 ,,,$0 ,,,$0 ,,,$0 ,,,$0 ,,,$0 ,,,,"$400,000 ",,"$200,000 ","$200,000 ",,,$0 ,,,$0 ,,,$0 ,,,$0 ,,,$0 ,"$200,000 "
Expense,97046,Hazardous Waste Storage Bunker,Execute,Jim Neeleman,Reliable,SHE and K-Directives,Expense,,,,,,$0 ,,,$0 ,,,$0 ,,,$0 ,,,$0 ,,,$0 ,$0 ,,,,$0 ,,,$0 ,,,$0 ,,,$0 ,,,$0 ,,,$0 ,"$157,000 ",,,$0 ,,,$0 ,,,$0 ,,,$0 ,,,$0 ,,,$0 ,$0 ,,,$0 ,,,$0 ,,,$0 ,,,$0 ,,,$0 ,,,$0 ,,,,$0 ,,,$0 ,,,$0 ,,,$0 ,,,$0 ,,,$0 ,,,$0 ,"$157,000 "
Expense,97047,Flammable Storage Cabinets Upgrade,Execute,Jim Neeleman,Reliable,SHE and K-Directives,Expense,,,,,,$0 ,,,$0 ,,,$0 ,,,$0 ,,,$0 ,,,$0 ,$0 ,,,,$0 ,,,$0 ,,,$0 ,,,$0 ,,,$0 ,,,$0 ,"$90,000 ",,,$0 ,,,$0 ,,,$0 ,,,$0 ,,,$0 ,,,$0 ,$0 ,,,$0 ,,,$0 ,,,$0 ,,,$0 ,,,$0 ,,,$0 ,,,,$0 ,,,$0 ,,,$0 ,,,$0 ,,,$0 ,,,$0 ,,,$0 ,"$90,000 "
Expense,97048,Arc Flash Prevention,Execute,Melanie Yevilov,Highly Capable Workforce,SHE and K-Directives,Expense,,"$318,000 ",,,,$0 ,,,$0 ,,,$0 ,,,$0 ,,,$0 ,,,$0 ,"$318,000 ",,,"$318,000 ","$318,000 ",,,$0 ,,,$0 ,,,$0 ,,,$0 ,,,$0 ,"$366,000 ",,"$319,456 ","$319,456 ",,,$0 ,,,$0 ,,,$0 ,,,$0 ,,,$0 ,"$319,456 ",,,$0 ,,,$0 ,,,$0 ,,,$0 ,,,$0 ,,,$0 ,,,,$0 ,,"$318,000 ","$318,000 ",,,$0 ,,,$0 ,,,$0 ,,,$0 ,,,$0 ,"$366,000 "
Expense,97049,SIMCA Online - Downstream Application,Execute,Jim Neeleman,TBD,New Technologies,Expense,,,,,,$0 ,,,$0 ,,,$0 ,,,$0 ,,,$0 ,,,$0 ,$0 ,,,,$0 ,,,$0 ,,,$0 ,,,$0 ,,,$0 ,,,$0 ,"$327,000 ",,,$0 ,,,$0 ,,,$0 ,,,$0 ,,,$0 ,,,$0 ,$0 ,,,$0 ,,,$0 ,,,$0 ,,,$0 ,,,$0 ,,,$0 ,,,,$0 ,,,$0 ,,,$0 ,,,$0 ,,,$0 ,,,$0 ,,,$0 ,"$327,000 "
Expense,97053,Pressure Safety Program ,,,,,Expense,,"$100,000 ",,,,$0 ,,,$0 ,,,$0 ,,,$0 ,,,$0 ,,,$0 ,"$100,000 ",,,,,,,,,,,,,,,,,,,,,,"$100,000 ","$100,000 ",,,$0 ,,,$0 ,,,$0 ,,,$0 ,,,$0 ,"$100,000 ",,,,,,,,,,,,,,,,,,,,,,,,"$100,000 ","$100,000 ",,,$0 ,,,$0 ,,,$0 ,,,$0 ,,,$0 ,"$100,000 "
Expense,97054,HVAC Retro Commissioning,FXNL LT Appr,Scott Fields,Reliability and Value,Stay in Business,Expense,,,,,"$113,000 ","$113,000 ",,"$44,000 ","$44,000 ",,,$0 ,,,$0 ,,,$0 ,,,$0 ,"$157,000 ",,,,$0 ,,"$131,250 ","$131,250 ","$43,750 ",,"$43,750 ",,,$0 ,,,$0 ,,,$0 ,"$175,000 ",,,$0 ,,"$113,000 ","$113,000 ",,"$44,000 ","$44,000 ",,,$0 ,,,$0 ,,,$0 ,"$157,000 ",,,$0 ,,,$0 ,,,$0 ,,,$0 ,,,$0 ,,,$0 ,,,,$0 ,,,$0 ,,"$131,250 ","$131,250 ","$43,750 ",,"$43,750 ",,,$0 ,,,$0 ,,,$0 ,"$175,000 "
Expense,97057,Conference Room 315 Expansion,Idea,Deidre Dunham,Exceptional Culture,Improvements and Efficiencies,Expense,,"$150,000 ",,,,$0 ,,,$0 ,,,$0 ,,,$0 ,,,$0 ,,,$0 ,"$150,000 ",,,"$300,000 ","$300,000 ",,,$0 ,,,$0 ,,,$0 ,,,$0 ,,,$0 ,"$300,000 ",,"$108,000 ","$108,000 ",,"$192,000 ","$192,000 ",,,$0 ,,,$0 ,,,$0 ,,,$0 ,"$300,000 ",,,$0 ,,,$0 ,,,$0 ,,,$0 ,,,$0 ,,,$0 ,,,,$0 ,,"$300,000 ","$300,000 ",,,$0 ,,,$0 ,,,$0 ,,,$0 ,,,$0 ,"$300,000 "
Expense,97058,Parking Pavement Repair,Execute,Scott Fields,Reliability and Value,Stay in Business,Expense,,"$245,040 ",,,,$0 ,,,$0 ,,,$0 ,,,$0 ,,,$0 ,,,$0 ,"$245,040 ",,,"$80,000 ","$80,000 ",,,$0 ,,,$0 ,,,$0 ,,,$0 ,,,$0 ,"$200,000 ",,"$245,040 ","$245,040 ",,,$0 ,,,$0 ,,,$0 ,,,$0 ,,,$0 ,"$245,040 ",,,$0 ,,,$0 ,,,$0 ,,,$0 ,,,$0 ,,,$0 ,,,,$0 ,,"$80,000 ","$80,000 ",,,$0 ,,,$0 ,,,$0 ,,,$0 ,,,$0 ,"$200,000 "
Expense,97059,B311 & B321 Gowning Room Modifications,Execute,Zaymar Sedra ,Reliability and Value,Stay in Business,Expense,,"$100,492 ",,,,$0 ,,,$0 ,,,$0 ,,,$0 ,,,$0 ,,,$0 ,"$100,492 ",,,,$0 ,,,$0 ,,,$0 ,,,$0 ,,,$0 ,,,$0 ,$0 ,,"$107,000 ","$107,000 ",,,$0 ,,,$0 ,,,$0 ,,,$0 ,,,$0 ,"$107,000 ",,,$0 ,,,$0 ,,,$0 ,,,$0 ,,,$0 ,,,$0 ,,,,$0 ,,,$0 ,,,$0 ,,,$0 ,,,$0 ,,,$0 ,,,$0 ,$0 
Expense,97060,QC Gas Cabinet Removal,FXNL LT Appr,TBD,,TBD,Expense,,"$75,000 ",,,,$0 ,,,$0 ,,,$0 ,,,$0 ,,,$0 ,,,$0 ,"$75,000 ",,,,,,,,,,,,,,,,,,,,,,"$75,000 ","$75,000 ",,,$0 ,,,$0 ,,,$0 ,,,$0 ,,,$0 ,"$75,000 ",,,$0 ,,,$0 ,,,$0 ,,,$0 ,,,$0 ,,,$0 ,,,,$0 ,,,,,,,,,,,,,,,,,,,
Expense,TBD,PAIR,,,,Stay in Business,Expense,,"$3,102,350 ",,,"$4,788,348 ","$4,788,348 ",,,$0 ,,,$0 ,,,$0 ,,,$0 ,,,$0 ,"$7,890,698 ",,,,,,,,,,,,,,,,,,,,,,"$3,091,211 ","$3,091,211 ",,"$3,000,000 ","$3,000,000 ",,"$3,000,000 ","$3,000,000 ",,,$0 ,,,$0 ,,,$0 ,"$9,091,211 ",,,,,,,,,,,,,,,,,,,,,,,,,,,,,,,,,,,,,,,,,
Expense,97062,PI- Ammonia RMP Study,,,,TBD,Expense,,,,,,$0 ,,,$0 ,,,$0 ,,,$0 ,,,$0 ,,,$0 ,$0 ,,,,,,,,,,,,,,,,,,,,,,,$0 ,,,$0 ,,,$0 ,,,$0 ,,,$0 ,,,$0 ,$0 ,,,$0 ,,,$0 ,,,$0 ,,,$0 ,,,$0 ,,,$0 ,,,,,,,,,,,,,,,,,,,,,,,
Expense,97067,OCN Lean Implementation,,,,,Expense,,,,,"$85,000 ","$85,000 ",,"$40,000 ","$40,000 ",,,$0 ,,,$0 ,,,$0 ,,,$0 ,"$125,000 ",,,,,,,,,,,,,,,,,,,,,,,,,,,,,,,,,,,,,,,,,,,,,,,,,,,,,,,,,,,,,,,,,,,,,,,,,,,,,,,,
Expense,97068,OCN Resource Planning and Management Tool,,,,,Expense,,,,,"$85,000 ","$85,000 ",,"$15,000 ","$15,000 ",,"$15,000 ","$15,000 ",,"$15,000 ","$15,000 ",,,$0 ,,,$0 ,"$130,000 ",,,,,,,,,,,,,,,,,,,,,,,,,,,,,,,,,,,,,,,,,,,,,,,,,,,,,,,,,,,,,,,,,,,,,,,,,,,,,,,,
Expense,74524,Bioburden 2606 IPA Exhaust Improvement,Execute,Melanie Yevilov,Reliability and Value,SHE and K-Directives,Expense,,"$14,571 ",,,,$0 ,,,$0 ,,,$0 ,,,$0 ,,,$0 ,,,$0 ,"$14,571 ",,"$12,000 ",,"$12,000 ","$550,000 ",,"$550,000 ","$550,000 ",,"$550,000 ",,,$0 ,,,$0 ,,,$0 ,"$1,112,000 ",,"$8,519 ","$8,519 ",,"$550,000 ","$550,000 ",,,$0 ,,,$0 ,,,$0 ,,,$0 ,"$558,519 ",,,$0 ,,,$0 ,"$550,000 ",,"$550,000 ","$550,000 ",,"$550,000 ",,,$0 ,,,$0 ,,,,"$1,100,000 ","$12,000 ",,"$12,000 ","$550,000 ",,"$550,000 ","$550,000 ",,"$550,000 ",,,$0 ,,,$0 ,,,$0 ,"$1,112,000 "
Expense,97069,Manufacturing Bullpen,,,,,,,"$150,000 ",,,,$0 ,,,$0 ,,,$0 ,,,$0 ,,,$0 ,,,$0 ,"$150,000 ",,,,,,,,,,,,,,,,,,,,,,,,,,,,,,,,,,,,,,,,,,,,,,,,,,,,,,,,,,,,,,,,,,,,,,,,,,,,,,,,
Expense,97070,Pressure Safety Program Automation - PI,,,,,,,,,,"$300,000 ","$300,000 ",,,$0 ,,,$0 ,,,$0 ,,,$0 ,,,$0 ,"$300,000 ",,,,,,,,,,,,,,,,,,,,,,,,,,,,,,,,,,,,,,,,,,,,,,,,,,,,,,,,,,,,,,,,,,,,,,,,,,,,,,,,
Expense,97071,Pipe Labelling Improvement,,,,Stay in Business,Expense,,,,,"$2,100,000 ","$2,100,000 ",,,$0 ,,,$0 ,,,$0 ,,,$0 ,,,$0 ,"$2,100,000 ",,,,,,,,,,,,,,,,,,,,,,,$0 ,"$100,000 ",,"$100,000 ",,,$0 ,,,$0 ,,,$0 ,,,$0 ,"$100,000 ",,,,,,,,,,,,,,,,,,,,,,,,,,,,,,,,,,,,,,,,,
Expense,97072,Tangential Flow Filtration Cassettes Management,FXNL LT Appr,Scott Fields,Reliability and Value,Improvements and Efficiencies,Individual,,,,,"$1,030,000 ","$1,030,000 ",,,$0 ,,,$0 ,,,$0 ,,,$0 ,,,$0 ,"$1,030,000 ",,,,$0 ,,"$491,216 ","$491,216 ",,,$0 ,,,$0 ,,,$0 ,,,$0 ,"$491,216 ",,,$0 ,,"$550,000 ","$550,000 ",,,$0 ,,,$0 ,,,$0 ,,,$0 ,"$550,000 ",,,$0 ,,,$0 ,,,$0 ,,,$0 ,,,$0 ,,,$0 ,,,,$0 ,,,$0 ,,"$491,216 ","$491,216 ",,,$0 ,,,$0 ,,,$0 ,,,$0 ,"$491,216 "
Expense,97999,Site Management Adjustments (if any),,,,,,,,,,,$0 ,,,$0 ,,,$0 ,,,$0 ,,,$0 ,,,$0 ,$0 ,,,"($2,125,000)","($2,125,000)",,,$0 ,,,$0 ,,,$0 ,,,$0 ,,,$0 ,$0 ,,,$0 ,,,$0 ,,,$0 ,,,$0 ,,,$0 ,,,$0 ,$0 ,,,$0 ,,,,,,$0 ,,,$0 ,,,$0 ,,,$0 ,,,,$0 ,,"($2,125,000)",,,,$0 ,,,$0 ,,,$0 ,,,$0 ,,,$0 ,$0 
